page_id,position_name,company_name,position_url
271619,"Supply Chain Management, Associate/Lead",뉴베슬,https://www.wanted.co.kr/wd/271619
272603,"Software Engineer (Server Applications, AI)",센드버드코리아,https://www.wanted.co.kr/wd/272603
270338,NLP AI 엔지니어,에이블제이,https://www.wanted.co.kr/wd/270338
265517,Sr. Product Planning Manager (VD),에이아이트릭스(AITRICS),https://www.wanted.co.kr/wd/265517
272960,AI Research Scientist - DCARS (전문연가능),뷰노,https://www.wanted.co.kr/wd/272960
272632,[ATI]AI Engineer - LLM Application,앤서스랩코리아,https://www.wanted.co.kr/wd/272632
270083,"AI Researcher (OCR, 비전-언어모델)",인터엑스,https://www.wanted.co.kr/wd/270083
271097,의료영상 AI 개발자(석사 이상),뉴큐어엠,https://www.wanted.co.kr/wd/271097
272471,AI 솔루션 구축 프로젝트 개발 PL•PM,알체라,https://www.wanted.co.kr/wd/272471
268265,AI솔루션 영업직,임팩티브에이아이,https://www.wanted.co.kr/wd/268265
270293,[광고사업부] AI Engineer (3년이상),매드업,https://www.wanted.co.kr/wd/270293
271616,자연어처리(NLP)/ Python 엔진 개발,아일리스프런티어(ailysfrontier),https://www.wanted.co.kr/wd/271616
266110,머신러닝/딥러닝 (AI) 엔지니어,모니터코퍼레이션,https://www.wanted.co.kr/wd/266110
270955,Lead AI Engineer,엔젤스윙,https://www.wanted.co.kr/wd/270955
265021,APLUS AI_편집 디자이너(계약직),버즈니(Buzzni),https://www.wanted.co.kr/wd/265021
270717,"머신러닝,AI 개발자",아티스트유나이티드,https://www.wanted.co.kr/wd/270717
270437,[AI] Project Manager (PM/PL),메사쿠어컴퍼니,https://www.wanted.co.kr/wd/270437
265019,APLUS AI_B2B SaaS Sales Manager (아웃바운드),버즈니(Buzzni),https://www.wanted.co.kr/wd/265019
270743,[Tech] Machine Learning Engineer - AI Researcher,현대오토에버,https://www.wanted.co.kr/wd/270743
264232,AI-Powered 어플리케이션 설계 도구 영업 리더,리얼라이즈소프트,https://www.wanted.co.kr/wd/264232
261182,Global Growth Strategy (해외 BD),에이아이트릭스(AITRICS),https://www.wanted.co.kr/wd/261182
271960,제조 AI 비전 알고리즘 개발,기아,https://www.wanted.co.kr/wd/271960
269668,ML engineer/ AI researcher (Senior),알세미,https://www.wanted.co.kr/wd/269668
268525,AI 전략 리더 (Head of AI Strategy),휴머스온,https://www.wanted.co.kr/wd/268525
261479,"AI Researcher (OCR, 비전-언어모델)",인터엑스,https://www.wanted.co.kr/wd/261479
268660,디지털 콘텐츠 AE (3년 이상),마더브레인(Motherbrain),https://www.wanted.co.kr/wd/268660
262107,Solution Engineering Team Lead,베슬에이아이(VESSL AI),https://www.wanted.co.kr/wd/262107
271481,Senior AI Engineer,마크비전코리아,https://www.wanted.co.kr/wd/271481
272075,Game AI엔지니어,보이저,https://www.wanted.co.kr/wd/272075
268183,AI Engineer (Field Engineer),에이엠스퀘어,https://www.wanted.co.kr/wd/268183
270199,AI 엔지니어,인휴먼즈,https://www.wanted.co.kr/wd/270199
262660,AI분야 사업개발 매니저,한국딥러닝,https://www.wanted.co.kr/wd/262660
269254,AI 기반 글로벌 마케팅 매니저,머스트핀테크,https://www.wanted.co.kr/wd/269254
268007,Medical AI 의료기기 국내 영업,웨이센(waycenInc.),https://www.wanted.co.kr/wd/268007
272824,AI 서비스 PO,씨제이올리브영(CJ올리브영),https://www.wanted.co.kr/wd/272824
258539,[Align] AI 리서치 엔지니어,콕스웨이브,https://www.wanted.co.kr/wd/258539
268847,AI Researcher,인핸스(Enhans),https://www.wanted.co.kr/wd/268847
263522,AI 기반 콘텐츠 플랫폼 PO (Product Owner),머스트핀테크,https://www.wanted.co.kr/wd/263522
270791,[SDx] Backend Developer - 비전 AI 모델 개발,현대오토에버,https://www.wanted.co.kr/wd/270791
266232,AI 개발자(전문연구요원 가능),씨알에스큐브(CRScube),https://www.wanted.co.kr/wd/266232
269320,AI 피부분석 스타트업 PM (프로덕트매니저),룰루랩(lululab),https://www.wanted.co.kr/wd/269320
218907,AI플랫폼 영업 담당자,마키나락스,https://www.wanted.co.kr/wd/218907
246517,빅데이터/AI 법률 플랫폼 서비스 운영 PM,채권도시,https://www.wanted.co.kr/wd/246517
271338,"AI 에이전트 핵심 개발자 - LLM, API, RPA 연동 전문가",싸이버로지텍,https://www.wanted.co.kr/wd/271338
251911,백엔드 개발자 (AI/LLM 서비스),스마트마인드,https://www.wanted.co.kr/wd/251911
268747,AI 소프트웨어 엔지니어(3년~),인포그랩,https://www.wanted.co.kr/wd/268747
254881,R&D / AI Researcher,반프,https://www.wanted.co.kr/wd/254881
234298,[AX] AI/ML 엔지니어,콕스웨이브,https://www.wanted.co.kr/wd/234298
265013,APLUS AI_B2B SaaS Sales Manager (인바운드),버즈니(Buzzni),https://www.wanted.co.kr/wd/265013
262613,비전 AI 솔루션 아키텍트,한국딥러닝,https://www.wanted.co.kr/wd/262613
269842,AI 보안 솔루션 국내/해외 사업개발(BD) 담당자,샌즈랩(SANDSLABInc.),https://www.wanted.co.kr/wd/269842
265675,음성 개발자 (가상 인물 음성 생성),씨앤에이아이,https://www.wanted.co.kr/wd/265675
216503,AI Engineer,샵라이브,https://www.wanted.co.kr/wd/216503
265165,AI 기반 글로벌 마케팅 총괄 매니저,머스트핀테크,https://www.wanted.co.kr/wd/265165
271266,AI 서비스 기획자,크리에이츠,https://www.wanted.co.kr/wd/271266
271854,클라우드-엣지 융합형 AI 자율 인식 드론 개발 CTO(최고기술이사),미러,https://www.wanted.co.kr/wd/271854
272991,APLUS AI_Product Manager (신입~5년),버즈니(Buzzni),https://www.wanted.co.kr/wd/272991
270524,정부과제 AI Consultant,셀렉트스타,https://www.wanted.co.kr/wd/270524
271840,Backend Engineer - Applied AI Engineering,블록체인랩스,https://www.wanted.co.kr/wd/271840
268077,AX(AI Transformation) 전략 컨설팅 담당자(대리~부장급),인터엑스,https://www.wanted.co.kr/wd/268077
268914,Sales Manager (AI Data 영업),알체라,https://www.wanted.co.kr/wd/268914
263252,AI 제품(툴) 마케팅 기획,피엑스디(pxd),https://www.wanted.co.kr/wd/263252
266302,AI 기술 개발,비바이노베이션,https://www.wanted.co.kr/wd/266302
263139,[서비스개발본부] AI Engineer,차봇모빌리티,https://www.wanted.co.kr/wd/263139
187299,Solution Engineer,에이아이트릭스(AITRICS),https://www.wanted.co.kr/wd/187299
214466,AI 기술영업,테스트웍스,https://www.wanted.co.kr/wd/214466
265291,AI Project Manager,슈퍼브에이아이(Superb AI),https://www.wanted.co.kr/wd/265291
230817,AI Engineer (LLM),워프스페이스,https://www.wanted.co.kr/wd/230817
192033,[커머스 AI 스쿼드] AI  백엔드 엔지니어,버즈니(Buzzni),https://www.wanted.co.kr/wd/192033
259705,[DATA&AI] Data Engineer(Back-end),베이글코드(Bagelcode),https://www.wanted.co.kr/wd/259705
271507,"AI 분야 B2B 프로젝트 기획, 수행 담당자",한국딥러닝,https://www.wanted.co.kr/wd/271507
261037,[AI연구팀] Computer Vision AI 엔지니어,텔레픽스,https://www.wanted.co.kr/wd/261037
265863,AI 엔지니어,덴컴,https://www.wanted.co.kr/wd/265863
270767,AI 솔루션 개발 팀장,한국딥러닝,https://www.wanted.co.kr/wd/270767
265533,총무 리더 (팀장),인라이플,https://www.wanted.co.kr/wd/265533
255370,AI 엔지니어 (5년 이상),버티컬바,https://www.wanted.co.kr/wd/255370
268818,시니어 AI엔지니어,딥아이,https://www.wanted.co.kr/wd/268818
268775,AI Engineer,앙트러리얼리티,https://www.wanted.co.kr/wd/268775
271396,Technical AI 프로젝트 매니저,포지큐브(POSICUBE),https://www.wanted.co.kr/wd/271396
271454,AI에듀테크기업 퍼포먼스마케터 (2년 이상),위버스마인드,https://www.wanted.co.kr/wd/271454
272642,[ATI]이미지 생성 AI 전문가,앤서스랩코리아,https://www.wanted.co.kr/wd/272642
268408,프로덕트 전략 매니저,마키나락스,https://www.wanted.co.kr/wd/268408
269642,AI 개발자(LLM Engineer),다이렉트클라우드랩,https://www.wanted.co.kr/wd/269642
231152,AI 엔지니어 (전문연구요원 신규/편입 가능),워트인텔리전스,https://www.wanted.co.kr/wd/231152
269200,AI 기반 사주앱 콘텐츠 기획 및 마케팅 운영,화승엔지니어링,https://www.wanted.co.kr/wd/269200
253428,AI 로보틱스 어플리케이션 소프트웨어 개발자,씨메스(CMES),https://www.wanted.co.kr/wd/253428
270748,[Tech] Machine Learning Engineer - AI 서비스 개발_대화/언어 서비스,현대오토에버,https://www.wanted.co.kr/wd/270748
269003,제품 설치 Project Manager,에이아이트릭스(AITRICS),https://www.wanted.co.kr/wd/269003
272401,AI 서비스 개발 담당,케이알시스,https://www.wanted.co.kr/wd/272401
268193,AI 소프트웨어 개발자,디딤365,https://www.wanted.co.kr/wd/268193
271506,"AI 분야 조달사업 기획, 수행 담당자",한국딥러닝,https://www.wanted.co.kr/wd/271506
271115,AI기획팀 AI 상품 기획자,헥토,https://www.wanted.co.kr/wd/271115
148462,AI Enterprise Manager,업스테이지,https://www.wanted.co.kr/wd/148462
269244,AI Glass 글로벌 사업 총괄 리드,시어스랩(Seerslab),https://www.wanted.co.kr/wd/269244
229283,AI Engineer,아하랩스,https://www.wanted.co.kr/wd/229283
272511,[인턴] 리테일 광고 매니저  (Campaign Manager),펄스애드,https://www.wanted.co.kr/wd/272511
268301,[Monetai] PO (Product Owner),하얀마인드,https://www.wanted.co.kr/wd/268301
268102,Vision AI 및 Graphics 기술 연구 총괄,시어스랩(Seerslab),https://www.wanted.co.kr/wd/268102
264264,영업 플랫폼 시스템 개발자 (iMAP),에이아이에이생명(AIA생명),https://www.wanted.co.kr/wd/264264
216427,Senior Software Engineer(Embedded AI) 전문연구요원,토르드라이브,https://www.wanted.co.kr/wd/216427
262611,AI 엔지니어,한국딥러닝,https://www.wanted.co.kr/wd/262611
268610,AI Backend Engineer,인핸스(Enhans),https://www.wanted.co.kr/wd/268610
267073,AI Enterprise Planning,업스테이지,https://www.wanted.co.kr/wd/267073
271648,AI ML Specialist,비상교육,https://www.wanted.co.kr/wd/271648
270825,[EnIT] Backend Developer - 생성형 AI 서비스 기획/개발,현대오토에버,https://www.wanted.co.kr/wd/270825
270750,[Tech] Machine Learning Engineer - MLOps / AI 검색 엔지니어,현대오토에버,https://www.wanted.co.kr/wd/270750
270562,AI Researcher / Engineer,퍼스트해빗,https://www.wanted.co.kr/wd/270562
188124,스마트팩토리 AI 솔루션 셋업 엔지니어링 및 개발 (신입),아하랩스,https://www.wanted.co.kr/wd/188124
267072,AI Application Engineer,업스테이지,https://www.wanted.co.kr/wd/267072
267362,시니어 AI 엔지니어,웨이커,https://www.wanted.co.kr/wd/267362
271986,로보틱스/AI 전략 및 실행 계획 수립,기아,https://www.wanted.co.kr/wd/271986
270095,"[AI R&D] Software Engineer (Frontend, Backend)",세이프에이아이,https://www.wanted.co.kr/wd/270095
270859,[IVI] Backend Developer - AI agent 개발/운영,현대오토에버,https://www.wanted.co.kr/wd/270859
269261,AI 기반 콘텐츠 플랫폼 TPM (Product Manager),머스트핀테크,https://www.wanted.co.kr/wd/269261
254617,AI연구소 AI기반연구팀 팀장 (7년 이상),아이스크림아트,https://www.wanted.co.kr/wd/254617
269980,AI 솔루션 영업 담당자,라이언로켓,https://www.wanted.co.kr/wd/269980
268129,생성형 AI 개발자,시어스랩(Seerslab),https://www.wanted.co.kr/wd/268129
267483,AI어플리케이션 개발,필라넷,https://www.wanted.co.kr/wd/267483
270389,온라인 광고 영업 담당자,인라이플,https://www.wanted.co.kr/wd/270389
178793,Head of Sales,베슬에이아이(VESSL AI),https://www.wanted.co.kr/wd/178793
258833,AI 사업계획서/제안서 작성 담당자,한국딥러닝,https://www.wanted.co.kr/wd/258833
61920,Account Executive (KR),베슬에이아이(VESSL AI),https://www.wanted.co.kr/wd/61920
265397,Jr. AI Business Development Manager (영업 지원),올거나이즈코리아(Allganize Korea),https://www.wanted.co.kr/wd/265397
209473,AI 개발자(3년 이상),네비웍스,https://www.wanted.co.kr/wd/209473
268729,AI DevOps 엔지니어(3년~),인포그랩,https://www.wanted.co.kr/wd/268729
268823,[의료R&D본부] 뇌영상연구팀 AI연구원,딥노이드(Deepnoid),https://www.wanted.co.kr/wd/268823
271656,[AI B2B SaaS] PO (Product Owner),코발틱스,https://www.wanted.co.kr/wd/271656
261537,AI 연구/개발 담당자,씨어스테크놀로지,https://www.wanted.co.kr/wd/261537
270983,[AI Lab 제품기획팀] Product Manager,모아데이타,https://www.wanted.co.kr/wd/270983
261847,AI Software Engineer,시나몬,https://www.wanted.co.kr/wd/261847
261357,[그루비 SaaS 솔루션] AI 엔지니어 (NLP),플래티어,https://www.wanted.co.kr/wd/261357
271415,[CHAI CRE.W] 온라인 제휴 마케터 (신입),차이커뮤니케이션,https://www.wanted.co.kr/wd/271415
266281,[ESTsoft] AI Growth Product Manager (경력),이스트소프트(ESTsoft),https://www.wanted.co.kr/wd/266281
265995,마케터,하이(Haii),https://www.wanted.co.kr/wd/265995
262161,AI Research Engineer (Document AI),업스테이지,https://www.wanted.co.kr/wd/262161
270339,AI 엔지니어 (CV 엔지니어),에이블제이,https://www.wanted.co.kr/wd/270339
263463,[이미지/비디오 생성형 AI] Research Engineer (전문연구요원),이너버즈,https://www.wanted.co.kr/wd/263463
226146,[AI연구팀]NLP 딥러닝 엔지니어,텔레픽스,https://www.wanted.co.kr/wd/226146
272635,[ATI]AI Software Engineer,앤서스랩코리아,https://www.wanted.co.kr/wd/272635
256104,AI Engineer (5~10년차),리얼드로우,https://www.wanted.co.kr/wd/256104
263436,[ESTsoft] AI 검색엔진 Product Owner,이스트소프트(ESTsoft),https://www.wanted.co.kr/wd/263436
264236,Android Application Engineer (AI Navigation),포티투닷(42dot),https://www.wanted.co.kr/wd/264236
261815,Account Executive (Sales),슈퍼브에이아이(Superb AI),https://www.wanted.co.kr/wd/261815
250480,AIDT 콘텐츠 엔지니어,엘리스,https://www.wanted.co.kr/wd/250480
263627,AI 프로젝트 기술PM,심플랫폼,https://www.wanted.co.kr/wd/263627
265221,[아이디어스/텀블벅/텐바이텐] 총무 담당 (Genaral Affairs) (계약직),백패커,https://www.wanted.co.kr/wd/265221
272134,AI Engineer (신입),블루닷,https://www.wanted.co.kr/wd/272134
266174,마케터,코드크레인(CodeCrain),https://www.wanted.co.kr/wd/266174
261640,AI-DATA 플랫폼 기술전략담당,오케스트로,https://www.wanted.co.kr/wd/261640
265658,생성형 AI Python Fullstack 개발자,콘센트릭스서비스코리아CATALYST,https://www.wanted.co.kr/wd/265658
258850,AI Edge 하드웨어 기반 소프트웨어 엔지니어,비씨엠테크,https://www.wanted.co.kr/wd/258850
266147,Staff Data Analyst (Pricing & Retail),쿠팡,https://www.wanted.co.kr/wd/266147
266176,시각/편집 디자이너,코드크레인(CodeCrain),https://www.wanted.co.kr/wd/266176
270566,LLM Project Manager (1~4Y),올거나이즈코리아(Allganize Korea),https://www.wanted.co.kr/wd/270566
255984,[AI플랫폼팀] Full-stack 개발자(Senior),크라우드웍스,https://www.wanted.co.kr/wd/255984
272966,AI Data 영업본부 기술 영업 지원 담당자,테스트웍스,https://www.wanted.co.kr/wd/272966
272976,AIoT앱/디바이스 기술지원 (신입~5년/중국어 가능자),아카라라이프,https://www.wanted.co.kr/wd/272976
266765,AIDT 운영 매니저,엘리스,https://www.wanted.co.kr/wd/266765
259098,AI Researcher & Engineer (2년 이상),나니아랩스,https://www.wanted.co.kr/wd/259098
271090,교육콘텐츠/AI프로덕트 기획자 (신입),위버스마인드,https://www.wanted.co.kr/wd/271090
253137,Gen AI 백엔드 개발자 (4년차 이상),아스타,https://www.wanted.co.kr/wd/253137
260593,Data&AI 분야 클라우드 기술영업 담당자(5년이하),메이븐클라우드서비스,https://www.wanted.co.kr/wd/260593
244545,AI/ML 엔지니어,와탭랩스(WhaTapLabs),https://www.wanted.co.kr/wd/244545
271509,"NIA 초거대 AI 구축 사업 기획, 수행 담당자",한국딥러닝,https://www.wanted.co.kr/wd/271509
269004,[CHAI CRE.W] 아트디렉터 (5년~11년),차이커뮤니케이션,https://www.wanted.co.kr/wd/269004
259709,[DATA&AI] Data Engineer(Platform),베이글코드(Bagelcode),https://www.wanted.co.kr/wd/259709
272724,[ESTsecurity] 알약 xLLM 제품 AI 엔지니어 (전문연구요원),이스트소프트(ESTsoft),https://www.wanted.co.kr/wd/272724
183049,Senior AI Research Engineer,타이드풀(TIDEPOOL),https://www.wanted.co.kr/wd/183049
264218,AI-Powered 어플리케이션 설계 도구 개발자,리얼라이즈소프트,https://www.wanted.co.kr/wd/264218
257947,"AI 콘텐츠 기획, 제작",클레온,https://www.wanted.co.kr/wd/257947
135822,AI 풀스택 엔지니어,트리플렛,https://www.wanted.co.kr/wd/135822
269246,AI Glass 상품 기획 총괄 리더,시어스랩(Seerslab),https://www.wanted.co.kr/wd/269246
271400,K-DigitalTraining 부트캠프 교육 팀장,하이테커,https://www.wanted.co.kr/wd/271400
265184,[병역특례] AI 관련 원천기술 연구 및 소프트웨어 개발자 (전문연구요원),심플랫폼,https://www.wanted.co.kr/wd/265184
271091,교육콘텐츠/AI프로덕트 기획자,위버스마인드,https://www.wanted.co.kr/wd/271091
265345,Embedded AI SW Engineer (C++),옵트에이아이,https://www.wanted.co.kr/wd/265345
207873,Backend Engineer (Senior),베슬에이아이(VESSL AI),https://www.wanted.co.kr/wd/207873
104029,스마트팩토리 AI 솔루션 셋업 엔지니어링 및 개발,아하랩스,https://www.wanted.co.kr/wd/104029
268394,[보안AI사업본부] 프론트엔드 개발자,딥노이드(Deepnoid),https://www.wanted.co.kr/wd/268394
236825,Senior Frontend Engineer,슈퍼브에이아이(Superb AI),https://www.wanted.co.kr/wd/236825
261147,백엔드 개발자 (Ruby on Rails),스테이폴리오,https://www.wanted.co.kr/wd/261147
268817,시니어 AI엔지니어,딥아이,https://www.wanted.co.kr/wd/268817
267904,AI/DX 교육운영 담당자,언더독스,https://www.wanted.co.kr/wd/267904
269263,AI 기반 콘텐츠 플랫폼 BPM (Business Product Manager),머스트핀테크,https://www.wanted.co.kr/wd/269263
269262,AI 기반 콘텐츠 플랫폼 BPO (Product Owner),머스트핀테크,https://www.wanted.co.kr/wd/269262
269260,AI 기반 콘텐츠 플랫폼 TPO (Product Owner),머스트핀테크,https://www.wanted.co.kr/wd/269260
267808,[CHAI CRE.W] 오프라인 프로모션 담당자 (4년~6년),차이커뮤니케이션,https://www.wanted.co.kr/wd/267808
263474,풀스택 개발자,엘오엘,https://www.wanted.co.kr/wd/263474
239073,AI Researcher,아하랩스,https://www.wanted.co.kr/wd/239073
259951,"AI 엔지니어 (89년 이후 출생, TIPS)",베베리아,https://www.wanted.co.kr/wd/259951
267806,[CHAI CRE.W] 소셜 미디어 기획자 (4년 이상),차이커뮤니케이션,https://www.wanted.co.kr/wd/267806
253321,[AI] 그로스 마케터,카티어스,https://www.wanted.co.kr/wd/253321
269047,"[CHAI CRE.W] 퍼포먼스 마케터(DA/APP, 4년 이상)",차이커뮤니케이션,https://www.wanted.co.kr/wd/269047
264276,AI-Powered 어플리케이션 설계 도구 시니어 개발자,리얼라이즈소프트,https://www.wanted.co.kr/wd/264276
269467,Thailand Marketing & Ecommerce Sales Manager,달바글로벌,https://www.wanted.co.kr/wd/269467
252960,AI Model Optimization Engineer (CPU/GPU/NPU),인터엑스,https://www.wanted.co.kr/wd/252960
253469,Document AI Researcher,애자일소다,https://www.wanted.co.kr/wd/253469
255983,[AI플랫폼팀] Full-stack 개발자(Junior),크라우드웍스,https://www.wanted.co.kr/wd/255983
222569,[광고사업부] AI 크리에이티브 디자이너,매드업,https://www.wanted.co.kr/wd/222569
268620,[프로그래머스] AI 개발자(감독솔루션팀),그렙(프로그래머스),https://www.wanted.co.kr/wd/268620
272136,Platform Engineer - AI플랫폼 구축/운영,기아,https://www.wanted.co.kr/wd/272136
230871,AI 개발자,일만백만,https://www.wanted.co.kr/wd/230871
219652,AI 최적화 Researcher,에너자이(ENERZAi),https://www.wanted.co.kr/wd/219652
269670,"ML engineer/ AI researcher (전문연구요원 - 보충역, 전직자)",알세미,https://www.wanted.co.kr/wd/269670
272612,Retail Development Manager,지에프에프지(GFFG),https://www.wanted.co.kr/wd/272612
272520,AI 아티스트 (3년이상),스튜디오프리윌루전,https://www.wanted.co.kr/wd/272520
260755,Sotware Engineer -AI/ML,블루개러지(Blue Garage),https://www.wanted.co.kr/wd/260755
255298,＜PJ_Youkai＞ UI Designer,보이저,https://www.wanted.co.kr/wd/255298
240726,[F&B with AI] 풀스택 개발자,블리츠다이나믹스,https://www.wanted.co.kr/wd/240726
267103,"[CHAI CRE.W] 소셜 미디어 기획자 (팀장급, 10년~12년)",차이커뮤니케이션,https://www.wanted.co.kr/wd/267103
268543,[AI 헬스케어] 바이오 R&D 책임 연구원,바이오컴,https://www.wanted.co.kr/wd/268543
260425,(전문연가능)Clinical research scientist-Fundus AI,뷰노,https://www.wanted.co.kr/wd/260425
236095,[AI연구소] AI연구원 - Computer Vision AI,딥노이드(Deepnoid),https://www.wanted.co.kr/wd/236095
271190,AI 엔지니어 시니어,한국딥러닝,https://www.wanted.co.kr/wd/271190
261991,AI연구소 시니어 연구원,룰루랩(lululab),https://www.wanted.co.kr/wd/261991
264931,Sr. Researcher (LLM),에이아이트릭스(AITRICS),https://www.wanted.co.kr/wd/264931
261477,"AI Researcher (언어모델, 비전-언어모델, RAG, AI Agent)",인터엑스,https://www.wanted.co.kr/wd/261477
261846,AI Research Engineer (LLM Application),시나몬,https://www.wanted.co.kr/wd/261846
267559,"Digital Twin, AI 사업 프로젝트 PM",시어스랩(Seerslab),https://www.wanted.co.kr/wd/267559
245214,AI/ML Research Engineer (3년이상),제이앤피메디(JNPMEDI),https://www.wanted.co.kr/wd/245214
241300,Senior AI Engineer,누비랩,https://www.wanted.co.kr/wd/241300
253557,Medical Imaging AI Research Engineer,휴톰,https://www.wanted.co.kr/wd/253557
185538,Runtime 소프트웨어 엔지니어 (전문연구요원 가능),에너자이(ENERZAi),https://www.wanted.co.kr/wd/185538
266327,[3-5년] AI관련 백엔드개발자,텍스트웨이,https://www.wanted.co.kr/wd/266327
270375,인공지능(AI) 기업교육 기획 및 운영 담당자,알고리즘랩스,https://www.wanted.co.kr/wd/270375
269179,NPL 채권관리 AI플랫폼 오퍼레이터,채권도시,https://www.wanted.co.kr/wd/269179
238965,AI 시스템 하드웨어 엔지니어,모본,https://www.wanted.co.kr/wd/238965
264673,AI 학습데이터 설계/구축 PM,스피링크,https://www.wanted.co.kr/wd/264673
270283,[웹앱개발] 이미지 생성형 AI 서비스 플랫폼 개발자,세아아이씨티,https://www.wanted.co.kr/wd/270283
222017,AI Researcher,셀렉트스타,https://www.wanted.co.kr/wd/222017
245712,AI Engineer - 전문연구요원 가능,이마고웍스,https://www.wanted.co.kr/wd/245712
248560,[AI반도체] NPU Field Application Engineer,모빌린트,https://www.wanted.co.kr/wd/248560
191681,Test Engineer,에니아이(Aniai),https://www.wanted.co.kr/wd/191681
261836,AI Consultant,슈퍼브에이아이(Superb AI),https://www.wanted.co.kr/wd/261836
254450,Sr. Machine Learning Software Engineer (MG AI),하이퍼커넥트,https://www.wanted.co.kr/wd/254450
271440,AI 스마트팜 시니어 백엔드 개발자,크로프트,https://www.wanted.co.kr/wd/271440
267077,Product Solution Architect,업스테이지,https://www.wanted.co.kr/wd/267077
233519,"인공지능, 알고리즘 엔지니어",럭스로보(LUXROBO),https://www.wanted.co.kr/wd/233519
261274,AI 엔지니어(AI engineer),인딥에이아이,https://www.wanted.co.kr/wd/261274
136783,AI Research Engineer(Human motion generation),시나몬,https://www.wanted.co.kr/wd/136783
263455,[AI반도체] Linux System Engineer,모빌린트,https://www.wanted.co.kr/wd/263455
270529,[스마트자동화시스템사업부] 설비유지보수(Maintenance),유진로봇,https://www.wanted.co.kr/wd/270529
257808,[개발운영] 주니어 AI 개발자 (병역특례 전문연구요원),누리미디어(DBpia),https://www.wanted.co.kr/wd/257808
272982,AI 기반 업무 자동화 엔지니어(전문연구요원가능),큐픽스,https://www.wanted.co.kr/wd/272982
268529,AI 솔루션 아키텍트 (AI Solution Architect),휴머스온,https://www.wanted.co.kr/wd/268529
265623,[クリエーションライン株式会社] AI/LLM エンジニア_근무지 일본,원티드_일본 현지 채용,https://www.wanted.co.kr/wd/265623
268545,[AI 헬스케어] 바이오 R&D 연구원,바이오컴,https://www.wanted.co.kr/wd/268545
253322,AI/ML 엔지니어(2년~5년),데이터노우즈,https://www.wanted.co.kr/wd/253322
257755,AI/스마트팩토리 프로젝트 매니저(PM),아하랩스,https://www.wanted.co.kr/wd/257755
267498,AI Product Planning Manager,모레,https://www.wanted.co.kr/wd/267498
134824,AI Model Production (Document AI),업스테이지,https://www.wanted.co.kr/wd/134824
261624,AI 비즈니스 전략기획 매니저,한국딥러닝,https://www.wanted.co.kr/wd/261624
260061,AI 솔루션 영업,애자일소다,https://www.wanted.co.kr/wd/260061
215978,AI Engineer (전문연 지원 가능),마인즈앤컴퍼니,https://www.wanted.co.kr/wd/215978
257605,[Tech] AI실 추천프로덕트팀 데이터엔지니어,우아한형제들(배달의민족),https://www.wanted.co.kr/wd/257605
263453,[AI반도체] Product Test Engineer,모빌린트,https://www.wanted.co.kr/wd/263453
268684,C# 개발자,인라이플,https://www.wanted.co.kr/wd/268684
256426,AI Designer,블루밍그레이스,https://www.wanted.co.kr/wd/256426
255220,AI 아티스트 기획 & 전략,블루개러지(Blue Garage),https://www.wanted.co.kr/wd/255220
264205,AI-Powered 어플리케이션 설계 도구 개발 리더,리얼라이즈소프트,https://www.wanted.co.kr/wd/264205
270516,마곡/파견 AI Data Manager(PM),셀렉트스타,https://www.wanted.co.kr/wd/270516
57391,AI Data Manager,셀렉트스타,https://www.wanted.co.kr/wd/57391
260005,AI 개발자 (리더급),딥인사이트,https://www.wanted.co.kr/wd/260005
268526,AI 도입 매니저 (AI Implementation Manager),휴머스온,https://www.wanted.co.kr/wd/268526
261551,AI Engineer(3년 이상),포디(FODI),https://www.wanted.co.kr/wd/261551
267104,[CHAI CRE.W] 브랜드 콘텐츠 기획자 (4년 이상),차이커뮤니케이션,https://www.wanted.co.kr/wd/267104
263454,[AI반도체] Windows Driver Engineer,모빌린트,https://www.wanted.co.kr/wd/263454
252509,AI 교육 플랫폼 - 웹 프론트엔드 개발자  (재택근무 가능),캐치잇플레이(Catch it english),https://www.wanted.co.kr/wd/252509
265761,[AI Lab 제품기획팀] QA 엔지니어,모아데이타,https://www.wanted.co.kr/wd/265761
272593,react naitve 개발자 4~10년,타운즈,https://www.wanted.co.kr/wd/272593
258332,AI Back-End Engineer,타이드풀(TIDEPOOL),https://www.wanted.co.kr/wd/258332
255616,광고 및 영화(ScreenX 아이돌 다큐멘터리) 편집자,에임 스튜디오(aim studio),https://www.wanted.co.kr/wd/255616
248021,병역특례 전문연구요원(AI연구원),모빅랩,https://www.wanted.co.kr/wd/248021
271792,[as if CAILE] 제품생산팀 (생산 및 관리),스테이스마일,https://www.wanted.co.kr/wd/271792
247998,[개발운영] 시니어 AI 개발자,누리미디어(DBpia),https://www.wanted.co.kr/wd/247998
258769,[서울근무] AI/Big Data 서비스 해외(국내) PR 담당자,뉴엔에이아이,https://www.wanted.co.kr/wd/258769
248985,AI 엔지니어,원라인에이아이,https://www.wanted.co.kr/wd/248985
258837,서비스 기획 PM,인라이플,https://www.wanted.co.kr/wd/258837
243804,AI 개발자,르호사,https://www.wanted.co.kr/wd/243804
252584,빅데이터 엔진 개발,에스티씨랩(STCLab),https://www.wanted.co.kr/wd/252584
233407,AI SDK Software Engineer (C/C++),가우디오랩,https://www.wanted.co.kr/wd/233407
272912,LLM 기반 AI 연구개발 인력 (석사 이상),티티테라,https://www.wanted.co.kr/wd/272912
256217,Middleware System Backend Developer(Senior/PM),에이아이에이생명(AIA생명),https://www.wanted.co.kr/wd/256217
237885,[ETL/AI] Data Engineer,디써클,https://www.wanted.co.kr/wd/237885
117659,[AI반도체] NPU Compiler Engineer (전문연구요원 가능),모빌린트,https://www.wanted.co.kr/wd/117659
267714,[EQST Lab] AI 보안 연구,에스케이쉴더스(SK쉴더스),https://www.wanted.co.kr/wd/267714
258794,퍼포먼스 마케터 1년 이상,마더브레인(Motherbrain),https://www.wanted.co.kr/wd/258794
262163,AI/LLM Curriculum Developer,업스테이지,https://www.wanted.co.kr/wd/262163
257542,"AI변호사, 리걸테크 연구원",채권도시,https://www.wanted.co.kr/wd/257542
263263,AI 국제 물류 스타트업 백엔드 개발자,아로아랩스,https://www.wanted.co.kr/wd/263263
266387,[AI반도체] Camera Sensor Engineer,모빌린트,https://www.wanted.co.kr/wd/266387
193794,Senior Backend Engineer (AI Platform),포티투닷(42dot),https://www.wanted.co.kr/wd/193794
147525,[AI반도체] Deep Learning Optimization Engineer,모빌린트,https://www.wanted.co.kr/wd/147525
263224,전문연구요원_AI 개발자 (병역 특례),와디즈,https://www.wanted.co.kr/wd/263224
249889,Search Engineer,티맵모빌리티,https://www.wanted.co.kr/wd/249889
264644,[Technical Sales] AI/클라우드 인프라 솔루션,아이에이클라우드,https://www.wanted.co.kr/wd/264644
257108,SW개발 AI 개발자,더블티,https://www.wanted.co.kr/wd/257108
138941,Blockchain Core Engineer - InfraBlockchain,블록체인랩스,https://www.wanted.co.kr/wd/138941
258358,Clinical Research Associate,에이아이트릭스(AITRICS),https://www.wanted.co.kr/wd/258358
271609,AI 백엔드 개발자,미디어윌네트웍스(알바천국),https://www.wanted.co.kr/wd/271609
254500,AI/솔루션 B2B Marketing,포지큐브(POSICUBE),https://www.wanted.co.kr/wd/254500
264002,[CHAI CRE.W] 내부회계관리 담당자 (3년 이상),차이커뮤니케이션,https://www.wanted.co.kr/wd/264002
261693,AI 교육 콘텐츠 엔지니어,엘리스,https://www.wanted.co.kr/wd/261693
205410,Senior AI Researcher,모빅랩,https://www.wanted.co.kr/wd/205410
255555,AI 스타트업 물류 서비스 기획자,아로아랩스,https://www.wanted.co.kr/wd/255555
245623,AI 엔지니어,엔엑스엔랩스,https://www.wanted.co.kr/wd/245623
249020,풀스텍 개발자 (5년차 이상),파이프트리스마트팜(PAIPTREESmartFarmInc.),https://www.wanted.co.kr/wd/249020
261405,[Project YOUKAI] Engine Programer,보이저,https://www.wanted.co.kr/wd/261405
230501,UX 시니어 GUI 디자이너,라이트브레인(Rightbrain),https://www.wanted.co.kr/wd/230501
248963,AI Site Reliability Engineer,업스테이지,https://www.wanted.co.kr/wd/248963
249729,Regulatory Affairs Team Leader,루닛(Lunit),https://www.wanted.co.kr/wd/249729
267920,에디AI 광고 플랫폼 영업,에이아이썸,https://www.wanted.co.kr/wd/267920
267022,Product Specialist (Sales-VD),에이아이트릭스(AITRICS),https://www.wanted.co.kr/wd/267022
224154,AI Consultant (1년 이상),셀렉트스타,https://www.wanted.co.kr/wd/224154
50128,"Corporate Operator(Strategy, Finance, People)",에임(AIM),https://www.wanted.co.kr/wd/50128
269599,"[CHAI CRE.W] 퍼포먼스 마케터 (광고 캠페인, 2년~3년)",차이커뮤니케이션,https://www.wanted.co.kr/wd/269599
261491,AI Kit Software 개발자,인터엑스,https://www.wanted.co.kr/wd/261491
250669,데이터 분석가 (3년차 이상),파이프트리스마트팜(PAIPTREESmartFarmInc.),https://www.wanted.co.kr/wd/250669
260524,웹(web) 개발자,하이(Haii),https://www.wanted.co.kr/wd/260524
75640,[AI반도체] Deep Learning Research Engineer,모빌린트,https://www.wanted.co.kr/wd/75640
250426,RA Manager (의료기기 인허가 전문가),에이아이트릭스(AITRICS),https://www.wanted.co.kr/wd/250426
255283,＜PJ_Youkai＞ Client,보이저,https://www.wanted.co.kr/wd/255283
198559,AI 개발(STT/LLM),넥서스커뮤니티,https://www.wanted.co.kr/wd/198559
252276,Insurance IT Planning Specialist,에이아이에이생명(AIA생명),https://www.wanted.co.kr/wd/252276
147523,[AI반도체] System Software Engineer,모빌린트,https://www.wanted.co.kr/wd/147523
235821,Computer Vision AI Engineer_senior,파인더스에이아이,https://www.wanted.co.kr/wd/235821
253196,AI 기술 기반 콘텐츠 혁신 프로젝트 리드 엔지니어(PM),이브로드캐스팅,https://www.wanted.co.kr/wd/253196
243829,Product Manager,팀에버플,https://www.wanted.co.kr/wd/243829
257367,Technical Program Manager · AI Platform,루닛(Lunit),https://www.wanted.co.kr/wd/257367
246220,AD Campaign Manager,엔비티(NBT),https://www.wanted.co.kr/wd/246220
163297,AI DevOps,업스테이지,https://www.wanted.co.kr/wd/163297
250004,AI 분야 소프트웨어 (4년이상),글로벌시스템스,https://www.wanted.co.kr/wd/250004
246215,글로벌 캠페인 매니저(Global AD Campaign Operation),엔비티(NBT),https://www.wanted.co.kr/wd/246215
41597,"Communication Manager(Policy, PR, Community)",에임(AIM),https://www.wanted.co.kr/wd/41597
253987,SW개발팀 AI Leader 및 AI 개발,디오,https://www.wanted.co.kr/wd/253987
245961,HR Manager (조직문화 담당자),에이아이트릭스(AITRICS),https://www.wanted.co.kr/wd/245961
256517,[AI반도체] SCM Manager,모빌린트,https://www.wanted.co.kr/wd/256517
110132,(전문연구요원 가능) AI 컴파일러 엔지니어,에너자이(ENERZAi),https://www.wanted.co.kr/wd/110132
250411,QA Manager,에이아이트릭스(AITRICS),https://www.wanted.co.kr/wd/250411
143273,AI (딥러닝) 연구 및 개발자,안티그래비티,https://www.wanted.co.kr/wd/143273
237208,AI Model Production (LLM),업스테이지,https://www.wanted.co.kr/wd/237208
178837,Electrical Engineer (전문연구요원 가능),에니아이(Aniai),https://www.wanted.co.kr/wd/178837
259267,AI 기반 제품/서비스 개발자 (3년 이상),알서포트(Rsupport),https://www.wanted.co.kr/wd/259267
272820,Regulatory Affairs Manager,에어스메디컬,https://www.wanted.co.kr/wd/272820
272807,AI솔루션 개발자(PL),엠로(emro),https://www.wanted.co.kr/wd/272807
272760,Taiwan Finance Manager (중국인/대만인),코코지,https://www.wanted.co.kr/wd/272760
272694,AI Robotics (Embodied AI) Engineer,씨메스(CMES),https://www.wanted.co.kr/wd/272694
272514,리테일 광고 매니저 (Campaign Manager),펄스애드,https://www.wanted.co.kr/wd/272514
216442,인허가 (Regulatory Affairs) 담당,스카이랩스(SkyLabs),https://www.wanted.co.kr/wd/216442
271416,[CHAI CRE.W] 온라인 제휴 마케터 (4년 이상),차이커뮤니케이션,https://www.wanted.co.kr/wd/271416
271328,약물개발 프로세스 자동화 및 최적화 AI 연구원,보로노이,https://www.wanted.co.kr/wd/271328
269291,[AI반도체] NPU Core Engineer (RTL),모빌린트,https://www.wanted.co.kr/wd/269291
263225,AI 연동 서비스 개발자,아이스크림아트,https://www.wanted.co.kr/wd/263225
260038,[보안AI사업본부] 백엔드 개발자,딥노이드(Deepnoid),https://www.wanted.co.kr/wd/260038
204826,산업용 컴퓨터/AI 하드웨어 영업 담당자,비씨엠테크,https://www.wanted.co.kr/wd/204826
241005,AI Biz 담당자,셀렉트스타,https://www.wanted.co.kr/wd/241005
255282,＜PJ_Youkai＞ Server,보이저,https://www.wanted.co.kr/wd/255282
219680,AI 프로덕트 마케터(4년차 이상),드래프타입,https://www.wanted.co.kr/wd/219680
249522,Senior Backend Engineer · AI Platform,루닛(Lunit),https://www.wanted.co.kr/wd/249522
101936,[AI반도체] SoC Design Engineer,모빌린트,https://www.wanted.co.kr/wd/101936
247451,[Mantra株式会社] Webエンジニア／マンガ×AIスタートアップのWeb 開発リード_근무지 일본,원티드_일본 현지 채용,https://www.wanted.co.kr/wd/247451
247448,[Mantra株式会社] 機械学習エンジニア・リサーチャー／エンタメ×AIの最先端の研究開発をリード_근무지 일본,원티드_일본 현지 채용,https://www.wanted.co.kr/wd/247448
233961,Director of Medical Affairs (M.D),보로노이,https://www.wanted.co.kr/wd/233961
166694,AI 연구개발 Lead,제로원에이아이,https://www.wanted.co.kr/wd/166694
237214,AI Model Development Strategy Manager,업스테이지,https://www.wanted.co.kr/wd/237214
241248,Senior QA Engineer (AI Navigation),포티투닷(42dot),https://www.wanted.co.kr/wd/241248
147494,Sales Manager (국내),에이아이트릭스(AITRICS),https://www.wanted.co.kr/wd/147494
240523,채권 관리 빅데이터/AI 플랫폼 CEO 직속 비서(CEO Staff),채권도시,https://www.wanted.co.kr/wd/240523
174586,AI 엔지니어 (자연어처리/컴퓨터비전),드래프티파이,https://www.wanted.co.kr/wd/174586
241600,Autonomous Robotics Ai Engineer,에스티피씨,https://www.wanted.co.kr/wd/241600
239104,"Research Scientist, AI for Neuroimaging(전문연가능)",뷰노,https://www.wanted.co.kr/wd/239104
240522,AI 기반 채권 관리 플랫폼 전화 상담 및 운영 담당자,채권도시,https://www.wanted.co.kr/wd/240522
166683,AI Back-End / Bigdata 엔지니어,제로원에이아이,https://www.wanted.co.kr/wd/166683
166692,AI 금융 엔지니어,제로원에이아이,https://www.wanted.co.kr/wd/166692
226037,AI Research Engineer - LLM,업스테이지,https://www.wanted.co.kr/wd/226037
147476,Clinical Application Specialist,에이아이트릭스(AITRICS),https://www.wanted.co.kr/wd/147476
236393,"구글클라우드 엔지니어 아키텍처 설계/기술지원(Data,AI/ML,Bigquery)",골든플래닛,https://www.wanted.co.kr/wd/236393
178993,의료AI 솔루션 임상연구 및 관리,엑소시스템즈,https://www.wanted.co.kr/wd/178993
226411,[하나금융융합기술원] AI Quant Researcher,하나금융티아이,https://www.wanted.co.kr/wd/226411
229349,B2B 사업개발 매니저(AI솔루션),엘리스,https://www.wanted.co.kr/wd/229349
128700,"AI 연구원 (MLOps, 엔지니어)",플루언트,https://www.wanted.co.kr/wd/128700
58355,AI Engineer,모플,https://www.wanted.co.kr/wd/58355
108146,Medical AI Research Engineer(Senior),웨이센(waycenInc.),https://www.wanted.co.kr/wd/108146
166685,LLMOps Ops / AI 모델 개발 엔지니어,제로원에이아이,https://www.wanted.co.kr/wd/166685
78417,생체신호 AI 엔지니어 (병역특례 / CTO 레벨 가능),엑소시스템즈,https://www.wanted.co.kr/wd/78417
215492,AI  최적화 엔지니어,호두에이아이랩,https://www.wanted.co.kr/wd/215492
199084,자사 제품 개발 AI 전문가,쿼리시스템즈,https://www.wanted.co.kr/wd/199084
156373,AI 개발자,굳갱랩스,https://www.wanted.co.kr/wd/156373
180431,Medical AI 의료기기 해외영업 담당자,웨이센(waycenInc.),https://www.wanted.co.kr/wd/180431
172533,의료 텍스트 자연어처리(NLP) AI 연구원,테서,https://www.wanted.co.kr/wd/172533
219919,AI기반 시뮬레이션 소프트웨어 Tech Lead,볼트윈,https://www.wanted.co.kr/wd/219919
186671,AI/NLP R&D Engineer (3년 이상),다이얼로그디자인에이전시,https://www.wanted.co.kr/wd/186671
140981,"[기업부설연구소] 플랫폼 개발팀장 [JAVA, SPRINGBOOT5+]",아인잡(AINJOB),https://www.wanted.co.kr/wd/140981
173891,VISION AI 연구/개발 분야 (팀장),피노키오랩,https://www.wanted.co.kr/wd/173891
182774,[신입] VISION AI 연구/개발 분야 (팀원),피노키오랩,https://www.wanted.co.kr/wd/182774
175541,VISION AI 연구/개발 분야 (팀원),피노키오랩,https://www.wanted.co.kr/wd/175541
187397,Sr. Backend Engineer,에이아이트릭스(AITRICS),https://www.wanted.co.kr/wd/187397
267481,[DATA&AI] AI Engineer,베이글코드(Bagelcode),https://www.wanted.co.kr/wd/267481
271544,NLP Engineer (LLM),에이아이트릭스(AITRICS),https://www.wanted.co.kr/wd/271544
270123,AI피부분석 스타트업 사업개발,룰루랩(lululab),https://www.wanted.co.kr/wd/270123
231273,웹 서비스 백엔드 개발자,이스트에이드(EST AID),https://www.wanted.co.kr/wd/231273
271567,AI 엔지니어,프레쉬아워,https://www.wanted.co.kr/wd/271567
272329,Computer Vision AI Engineer,한화시스템 ICT 부문,https://www.wanted.co.kr/wd/272329
269317,AI Model Solution Engineer (2년 이상),비에이치에스엔,https://www.wanted.co.kr/wd/269317
269606,AI / Backend Engineer (AI / 백엔드 엔지니어),아키스케치,https://www.wanted.co.kr/wd/269606
270934,[SDx] Machine Learning Engineer - 스마트팩토리 AI Researcher,현대오토에버,https://www.wanted.co.kr/wd/270934
260145,Product Designer,베슬에이아이(VESSL AI),https://www.wanted.co.kr/wd/260145
235122,Sr. Product Designer,에이아이트릭스(AITRICS),https://www.wanted.co.kr/wd/235122
271791,Product Owner(AI),바비톡,https://www.wanted.co.kr/wd/271791
269931,[인턴] GenAI Software Engineer,피에프씨테크놀로지스,https://www.wanted.co.kr/wd/269931
268784,AI 엔지니어,슈퍼센트,https://www.wanted.co.kr/wd/268784
263703,AI 사업계획서/제안서 작성 담당자,팜킷,https://www.wanted.co.kr/wd/263703
268971,AI 엔지니어(NLP/LLM),미니레코드,https://www.wanted.co.kr/wd/268971
259852,AI/ML Engineer (전문연구요원 가능),플립션코리아,https://www.wanted.co.kr/wd/259852
270279,AI 프로덕트 엔지니어,피트크루,https://www.wanted.co.kr/wd/270279
266050,AI/ML 엔지니어 (1년 이상),제이제이앤컴퍼니스,https://www.wanted.co.kr/wd/266050
264326,AI 소프트웨어 엔지니어,에버엑스,https://www.wanted.co.kr/wd/264326
270773,AI 엔지니어 (3년~7년 이하),지니파이,https://www.wanted.co.kr/wd/270773
270209,AI 엔지니어(이미지 생성 AI 서비스),바이스벌사,https://www.wanted.co.kr/wd/270209
270082,AI 리서치 엔지니어,메이사,https://www.wanted.co.kr/wd/270082
245340,AI Engineer (1-3년),크몽(kmong),https://www.wanted.co.kr/wd/245340
235822,Computer Vision AI Engineer_Junior,파인더스에이아이,https://www.wanted.co.kr/wd/235822
259998,총무 담당자 (General Affairs),스카이랩스(SkyLabs),https://www.wanted.co.kr/wd/259998
270752,[Tech] Machine Learning Engineer - AI 데이터 사이언티스트,현대오토에버,https://www.wanted.co.kr/wd/270752
270315,ML/AI 엔지니어,세미에이아이,https://www.wanted.co.kr/wd/270315
267999,AI 리서치 엔지니어,몬드리안에이아이,https://www.wanted.co.kr/wd/267999
258781,VisionAI  PM(Project Manager),포지큐브(POSICUBE),https://www.wanted.co.kr/wd/258781
266984,"IoT 센서 및 클라우드 HW, SW 개발 (AI/데이터 분석 포함)",에스씨솔루션글로벌,https://www.wanted.co.kr/wd/266984
269229,연구분석실 인공지능팀 (자연어처리/빅데이터분석),아일리스프런티어(ailysfrontier),https://www.wanted.co.kr/wd/269229
63129,CX Operator,에임(AIM),https://www.wanted.co.kr/wd/63129
248953,"Software engineer (AI, Back, Fullstack)",도슨티,https://www.wanted.co.kr/wd/248953
211566,[COE부문] AI Modeling Engineer,한화생명보험,https://www.wanted.co.kr/wd/211566
269733,AI 엔지니어(AI engineer),인딥에이아이,https://www.wanted.co.kr/wd/269733
269482,"모바일 앱 개발자 (Flutter, iOS, Android)",에임(AIM),https://www.wanted.co.kr/wd/269482
270754,[Tech] Machine Learning Engineer - AI 컴퓨터 비전 기술 개발,현대오토에버,https://www.wanted.co.kr/wd/270754
269298,AI Engineer(엔지니어),아이지넷(보닥),https://www.wanted.co.kr/wd/269298
269089,"AI 모델 개발자 (신입, 병역특례, 병역전문연구요원)",에이아이비즈,https://www.wanted.co.kr/wd/269089
268624,[Retail Platform Team] 시니어 프론트 엔지니어,인핸스(Enhans),https://www.wanted.co.kr/wd/268624
257537,인공지능(AI) 개발자,누아,https://www.wanted.co.kr/wd/257537
271291,[미리디] AI Engineer (Platform),미리디,https://www.wanted.co.kr/wd/271291
263637,[AI솔루션팀] Full-stack 개발자,크라우드웍스,https://www.wanted.co.kr/wd/263637
254211,[AI 로보MD] 웹 풀스택 개발자 (JAVA/Kotlin/React),아이클레이브,https://www.wanted.co.kr/wd/254211
265231,영상팀 팀장 (매니저/PD),리플에이아이(rippleAI),https://www.wanted.co.kr/wd/265231
250954,BX Designer,슈퍼브에이아이(Superb AI),https://www.wanted.co.kr/wd/250954
260957,AI Scientist (연구/개발),제네시스랩,https://www.wanted.co.kr/wd/260957
255886,AI 중계 플랫폼 PO/PM,픽셀스코프,https://www.wanted.co.kr/wd/255886
261051,Android Developer,인라이플,https://www.wanted.co.kr/wd/261051
269669,ML engineer/ AI researcher (Junior),알세미,https://www.wanted.co.kr/wd/269669
268777,AI 기획자,슈퍼센트,https://www.wanted.co.kr/wd/268777
258496,AI 개발자,일루니,https://www.wanted.co.kr/wd/258496
266794,머신러닝 데이터 사이언티스트,아일리스,https://www.wanted.co.kr/wd/266794
267139,[Enterprise Solutions] Project Manager,베슬에이아이(VESSL AI),https://www.wanted.co.kr/wd/267139
265197,Python기반 AI(LLM) 소프트웨어 엔지니어,비알프레임,https://www.wanted.co.kr/wd/265197
267746,[AI B2B SaaS] 백엔드 개발자 (2년 이상),코발틱스,https://www.wanted.co.kr/wd/267746
270161,(LLM/자연어) AI 엔지니어 (5년 이상),바비톡,https://www.wanted.co.kr/wd/270161
255120,AI Engineer (병특 전문연구요원가능),코코네엠(coconeM),https://www.wanted.co.kr/wd/255120
267616,VisionAI 엔진 개발,포지큐브(POSICUBE),https://www.wanted.co.kr/wd/267616
268332,AI 모델 개발자 (신입),에이아이비즈,https://www.wanted.co.kr/wd/268332
266798,AI Engineer,블라스트,https://www.wanted.co.kr/wd/266798
264509,[인턴] AI기업 Business Research,리얼월드,https://www.wanted.co.kr/wd/264509
267405,AI Engineer,파워테스크,https://www.wanted.co.kr/wd/267405
256995,AI 엔지니어 (Stable diffusion / VITON),룩코,https://www.wanted.co.kr/wd/256995
267516,프로덕트 매니저 (Retail),페이히어,https://www.wanted.co.kr/wd/267516
257689,AI ML 엔지니어,비상교육,https://www.wanted.co.kr/wd/257689
261596,[Healthacre BU] AI Engineer,삼양식품,https://www.wanted.co.kr/wd/261596
218810,AI engineer (prompt engineer),도슨티,https://www.wanted.co.kr/wd/218810
253419,AI 로보틱스 SW 품질 QA 담당자,씨메스(CMES),https://www.wanted.co.kr/wd/253419
269067,[인턴] [채널톡] AI Team Intern - speech,채널코퍼레이션,https://www.wanted.co.kr/wd/269067
239402,AI Project Manager,메이아이,https://www.wanted.co.kr/wd/239402
266751,AI 엔지니어 (2년차~7년차),에듀템,https://www.wanted.co.kr/wd/266751
271658,[AI B2B SaaS] Product Designer,코발틱스,https://www.wanted.co.kr/wd/271658
249770,AI Engineer,플랜바이테크놀로지스,https://www.wanted.co.kr/wd/249770
267074,AI Product Owner,업스테이지,https://www.wanted.co.kr/wd/267074
268838,Computer Vision SW Engineer(AI),포비콘,https://www.wanted.co.kr/wd/268838
168348,[인턴] [채널톡] AI Team Intern - NLP,채널코퍼레이션,https://www.wanted.co.kr/wd/168348
268972,농업 플랫폼 개발자 (Flutter & AI 활용) (2~5년),모두의플래닛,https://www.wanted.co.kr/wd/268972
2447,파이썬 백엔드 개발자,에임(AIM),https://www.wanted.co.kr/wd/2447
157560,딥러닝/머신러닝(AI) 개발자,스카이랩스(SkyLabs),https://www.wanted.co.kr/wd/157560
264990,AI Research Scientist,아하앤컴퍼니,https://www.wanted.co.kr/wd/264990
266521,AI 엔지니어,111퍼센트,https://www.wanted.co.kr/wd/266521
257472,AI Agent 개발자,르몽,https://www.wanted.co.kr/wd/257472
251415,MLOps Engineer (2년 이상),뤼이드(Riiid),https://www.wanted.co.kr/wd/251415
269640,AI Edge Device SW Engineer,한화비전,https://www.wanted.co.kr/wd/269640
267100,"[CHAI CRE.W] 소셜 미디어 기획자 (팀원급, 1년~3년)",차이커뮤니케이션,https://www.wanted.co.kr/wd/267100
265961,[젠틀몬스터] AI 엔지니어,아이아이컴바인드,https://www.wanted.co.kr/wd/265961
262493,[AI플랫폼팀] 백엔드 개발자,씨제이올리브영(CJ올리브영),https://www.wanted.co.kr/wd/262493
252542,UIUX 디자이너/기획,아인잡(AINJOB),https://www.wanted.co.kr/wd/252542
262480,[AI플랫폼팀]데이터사이언티스트,씨제이올리브영(CJ올리브영),https://www.wanted.co.kr/wd/262480
265710,MLOps (AI 모델 서비스화),씨앤에이아이,https://www.wanted.co.kr/wd/265710
253676,Backend Engineer (AI Assistant Platform),포티투닷(42dot),https://www.wanted.co.kr/wd/253676
259074,[AI 로보MD] 기획 및 UIUX 디자이너,아이클레이브,https://www.wanted.co.kr/wd/259074
228746,AI Engineer,자비스앤빌런즈(삼쩜삼),https://www.wanted.co.kr/wd/228746
261570,AI Data PM (AI학습 데이터 사업관리),알체라,https://www.wanted.co.kr/wd/261570
270114,Innovation Engineer,제이와이피엔터테인먼트(JYP),https://www.wanted.co.kr/wd/270114
188191,"딥러닝/머신러닝(AI) 개발자 [신입, 전문연구요원(보충역/전직) 가능]",스카이랩스(SkyLabs),https://www.wanted.co.kr/wd/188191
252507,AI 교육 플랫폼 - 시니어 서비스 기획자 (재택근무 가능),캐치잇플레이(Catch it english),https://www.wanted.co.kr/wd/252507
140278,"Software Engineer(Backend, App, Devops, Data)",에임(AIM),https://www.wanted.co.kr/wd/140278
265966,IT LAB Team Leader,제이와이피엔터테인먼트(JYP),https://www.wanted.co.kr/wd/265966
185388,UX/UI Designer,에임(AIM),https://www.wanted.co.kr/wd/185388
254012,AI서비스 서버개발자,카카오페이증권(kakaopay증권),https://www.wanted.co.kr/wd/254012
245139,AI개발 엔지니어,코가로보틱스,https://www.wanted.co.kr/wd/245139
198065,AI 엔지니어,엘리스,https://www.wanted.co.kr/wd/198065
241585,AI Engineer,라온데이터,https://www.wanted.co.kr/wd/241585
239076,법률AI 용 백엔드/인프라 개발자,넥서스에이아이,https://www.wanted.co.kr/wd/239076
233496,AI 엔지니어,지바이크(gbike),https://www.wanted.co.kr/wd/233496
272494,렌즈 구매 담당자,피피비스튜디오스(PPB Studios Co.),https://www.wanted.co.kr/wd/272494
262935,셀러 확보(Seller Acquisition Team),그립컴퍼니,https://www.wanted.co.kr/wd/262935
272564,[대전] 솔루션(웹) 개발자 (2~5년),지란지교데이터,https://www.wanted.co.kr/wd/272564
272497,콘텐츠/퍼포먼스 마케터(신입),이삼오구,https://www.wanted.co.kr/wd/272497
272755,쿠팡 온라인 MD,올릿,https://www.wanted.co.kr/wd/272755
262913,마케팅 2팀(건강 용품) 시니어 마케터,바이트랩,https://www.wanted.co.kr/wd/262913
271174,[Tech] Data Scientist - 데이터 가명화 솔루션 개발,현대오토에버,https://www.wanted.co.kr/wd/271174
270941,데이터 엔지니어 (3년 이상),워트인텔리전스,https://www.wanted.co.kr/wd/270941
271655,[미리캔버스] 프로덕트 매니저 (프레젠테이션),미리디,https://www.wanted.co.kr/wd/271655
268241,로켓펀치 BO/BD,더블에이스,https://www.wanted.co.kr/wd/268241
271287,Data Scientist (3년 이상),마켓보로,https://www.wanted.co.kr/wd/271287
272483,[잡플래닛]Data Analyst,브레인커머스,https://www.wanted.co.kr/wd/272483
270311,데이터 분석가 리드 (10년 이상),윌로그,https://www.wanted.co.kr/wd/270311
270635,OMS 영업 (팀장),헥토데이터,https://www.wanted.co.kr/wd/270635
271023,브랜드 마케터 (5년 이상),바비톡,https://www.wanted.co.kr/wd/271023
269755,디지털 마케팅 AE,엘알서울,https://www.wanted.co.kr/wd/269755
271358,Data Scientist / 머신러닝 엔지니어,휴톰,https://www.wanted.co.kr/wd/271358
271010,데이터 엔지니어,위메이드(WEMADE),https://www.wanted.co.kr/wd/271010
271870,데이터 분석가,한샘,https://www.wanted.co.kr/wd/271870
261054,퍼포먼스 마케터,겟차,https://www.wanted.co.kr/wd/261054
271652,애슬레저 슈즈 브랜드 온라인MD(5년 이상),크리스틴컴퍼니,https://www.wanted.co.kr/wd/271652
268828,글로벌 클라우드 Inside Sales Specialist,티디씨엑스코리아,https://www.wanted.co.kr/wd/268828
270948,[Tech] Database Administrator - DBMS 운영/관리 DBA,현대오토에버,https://www.wanted.co.kr/wd/270948
270601,영업 지원,퍼플페퍼,https://www.wanted.co.kr/wd/270601
271359,Data Architect & Healthcare Data Engineer,휴톰,https://www.wanted.co.kr/wd/271359
271647,재무회계 매니저,데이터드리븐,https://www.wanted.co.kr/wd/271647
269476,퍼포먼스마케터 (팀원),워즈코퍼레이션,https://www.wanted.co.kr/wd/269476
272908,데이터플랫폼 실장,빗썸,https://www.wanted.co.kr/wd/272908
271268,[SDx] Database Administrator - 스마트팩토리 DBMS 구축 및 관리,현대오토에버,https://www.wanted.co.kr/wd/271268
270632,[데이터사업부]모니터링 솔루션 개발 Java Script,위즈코어,https://www.wanted.co.kr/wd/270632
272330,데이터센터 비즈니스 모델 수립,한화시스템 ICT 부문,https://www.wanted.co.kr/wd/272330
261180,[NE:AR] 퍼포먼스 마케터,페슬(PESEUL),https://www.wanted.co.kr/wd/261180
267963,B2B 차량구독 세일즈 매니저,스칼라데이터,https://www.wanted.co.kr/wd/267963
270292,[경영기획본부] 원가회계 담당자,이그니스,https://www.wanted.co.kr/wd/270292
272551,데이터 컨설팅 프로젝트,나이스지니데이타,https://www.wanted.co.kr/wd/272551
265890,바이오 칩 개발자 (석사 이상),프로티나,https://www.wanted.co.kr/wd/265890
263304,UX 디자이너 (7년 이상),알서포트(Rsupport),https://www.wanted.co.kr/wd/263304
232305,데이터 사이언티스트(5년 이상),엑셈,https://www.wanted.co.kr/wd/232305
270858,[EnIT] Database Administrator - DBMS 운영,현대오토에버,https://www.wanted.co.kr/wd/270858
272927,고객 데이터 분석 담당자,빗썸,https://www.wanted.co.kr/wd/272927
270641,PG/VAN 결재서비스 영업 및 기획,헥토데이터,https://www.wanted.co.kr/wd/270641
269022,Software Engineer (Data) (2년 이상) 주니어,클럼엘,https://www.wanted.co.kr/wd/269022
203288,Senior Data Analyst (5년 이상),메이크스타,https://www.wanted.co.kr/wd/203288
267703,디지털마케팅 (3년 이상),청담글로벌,https://www.wanted.co.kr/wd/267703
272467,마케터,올릿,https://www.wanted.co.kr/wd/272467
261079,B2G 교육 사업 개발 시니어 [교육혁신사업팀],원티드랩,https://www.wanted.co.kr/wd/261079
270137,데이터 엔지니어 (3년 이상),카운터포인트리서치,https://www.wanted.co.kr/wd/270137
271458,"[Coupang] Senior, Data Analyst (Ads Analytics)",쿠팡,https://www.wanted.co.kr/wd/271458
272800,금융/NL2SQL 데이터 사이언티스트,다큐브(daquv),https://www.wanted.co.kr/wd/272800
272128,Data Engineer (데이터 엔지니어),에스케이렌터카(SK렌터카),https://www.wanted.co.kr/wd/272128
264715,빅데이터 백엔드 Spark 개발자,미리비트,https://www.wanted.co.kr/wd/264715
272946,경영 데이터 분석 담당자,빗썸,https://www.wanted.co.kr/wd/272946
272920,비즈니스 데이터 분석,빗썸,https://www.wanted.co.kr/wd/272920
269057,시니어 브랜드 마케터,위블링,https://www.wanted.co.kr/wd/269057
251086,Growth Marketer,아임웹,https://www.wanted.co.kr/wd/251086
272361,데이터 엔지니어,라텔앤드파트너즈,https://www.wanted.co.kr/wd/272361
269636,Sales Manager,와트(watt),https://www.wanted.co.kr/wd/269636
220545,Data Analyst (Mid-Level),와이피랩스(커넥팅),https://www.wanted.co.kr/wd/220545
269898,[한국사업자경험-KMX] Sales Lead,한국신용데이터(KCD),https://www.wanted.co.kr/wd/269898
272178,커머스 크리에이터 사업 개발,그립컴퍼니,https://www.wanted.co.kr/wd/272178
272215,CEO STAFF,선한사람들,https://www.wanted.co.kr/wd/272215
226814,[WIPPY] 그로스 마케터,엔라이즈(NRISE),https://www.wanted.co.kr/wd/226814
221990,PO Lead,월급쟁이부자들,https://www.wanted.co.kr/wd/221990
271833,프로덕트 서버 개발자,오렌지스퀘어,https://www.wanted.co.kr/wd/271833
270285,글로벌 라이브 매니저 (한국),피아이코퍼레이션,https://www.wanted.co.kr/wd/270285
218844,콘텐츠 마케터,내일을사는사람들,https://www.wanted.co.kr/wd/218844
272415,비즈니스 데이터 분석 (Business Analyst),이노션,https://www.wanted.co.kr/wd/272415
269741,그로스 마케터,큐피스트(글램),https://www.wanted.co.kr/wd/269741
212164,[마일드랩] 마케팅 팀장,밀리밀,https://www.wanted.co.kr/wd/212164
247054,Product Manager,모드하우스,https://www.wanted.co.kr/wd/247054
263844,LLM 엔지니어/연구원,데이터드리븐,https://www.wanted.co.kr/wd/263844
190413,SQL 개발자,인포유앤컴퍼니,https://www.wanted.co.kr/wd/190413
228182,사업개발팀 팀장,스칼라데이터,https://www.wanted.co.kr/wd/228182
268019,데이터사이언티스트(LLM),스카이월드와이드,https://www.wanted.co.kr/wd/268019
271200,보안 위협 분석 플랫폼 개발 / 데이터 처리 & ML 모델 연구(전문연구요원 가능),시큐레터,https://www.wanted.co.kr/wd/271200
271118,데이터 사업 프로젝트 매니저(PM),플리토,https://www.wanted.co.kr/wd/271118
272152,Data Architect,기아,https://www.wanted.co.kr/wd/272152
270939,[Tech] Data Architect - 모델 진단 및 거버넌스 구축,현대오토에버,https://www.wanted.co.kr/wd/270939
262825,신사업 전략 마케팅,모두싸인,https://www.wanted.co.kr/wd/262825
256286,게이미피케이션 기반 교육용 LXP Product Owner(PO),구름,https://www.wanted.co.kr/wd/256286
265425,시계열 데이터 신호 분석 연구원 (하남),파인더스,https://www.wanted.co.kr/wd/265425
271398,미술인지심리연구소 심리데이터모델링 담당자,아이스크림아트,https://www.wanted.co.kr/wd/271398
255223,글로벌 그로스 마케터,이팝소프트(말해보카),https://www.wanted.co.kr/wd/255223
272082,[플랫폼사업팀] 사업운영 담당자,맘편한세상(맘시터),https://www.wanted.co.kr/wd/272082
265350,Data Analyst,부릉,https://www.wanted.co.kr/wd/265350
272739,데이터 애널리스트,라포랩스(퀸잇),https://www.wanted.co.kr/wd/272739
268995,[데이터] Data Analyst (5년이상),중고나라,https://www.wanted.co.kr/wd/268995
257875,콘텐츠 마케터(주니어),글로랑,https://www.wanted.co.kr/wd/257875
272312,음성인식(Speech Recognition) 모듈 개발자,라이브데이터,https://www.wanted.co.kr/wd/272312
259260,유니브클래스 사업개발자,유니브,https://www.wanted.co.kr/wd/259260
224170,데이터 분석가 (3년 이상),윌로그,https://www.wanted.co.kr/wd/224170
243590,광고대행사 AE 팀장급 (8년-10년),키스톤마케팅컴퍼니,https://www.wanted.co.kr/wd/243590
268132,백엔드 개발자 (5년 이상),알피,https://www.wanted.co.kr/wd/268132
265424,시계열 데이터 신호 분석 (구로),파인더스,https://www.wanted.co.kr/wd/265424
259965,풀스텍 개발자(7년이상),어반데이터랩,https://www.wanted.co.kr/wd/259965
263337,MD,고퀄(GOQUAL),https://www.wanted.co.kr/wd/263337
272208,[더파운더즈] CEO Staff팀 / 데이터 분석가 (Data Analyst),더파운더즈,https://www.wanted.co.kr/wd/272208
267570,건강기능식품 브랜드 마케터,큐레이터스,https://www.wanted.co.kr/wd/267570
263283,[한국결제네트웍스 - KPN] 법인영업 담당자(과장~차장급),한국신용데이터(KCD),https://www.wanted.co.kr/wd/263283
257296,퍼포먼스 마케터 (팀장급),마티니아이오,https://www.wanted.co.kr/wd/257296
239347,콘텐츠 마케터(광고 소재),월급쟁이부자들,https://www.wanted.co.kr/wd/239347
263543,데이터사업팀 영업 담당,더즌(dozn),https://www.wanted.co.kr/wd/263543
265910,이커머스 온라인MD (아마존),굿먼데이,https://www.wanted.co.kr/wd/265910
257293,백엔드 개발자,덴컴,https://www.wanted.co.kr/wd/257293
250167,CEO Staff,월급쟁이부자들,https://www.wanted.co.kr/wd/250167
272799,데이터 분석 플랫폼 개발자,엠로(emro),https://www.wanted.co.kr/wd/272799
207912,데이터베이스 아키텍트,컴투스,https://www.wanted.co.kr/wd/207912
264323,Product Marketing Manager,메딜리티,https://www.wanted.co.kr/wd/264323
249523,글로벌 빅데이터 플랫폼 BI 백엔드 개발/운영 (Back-End),펑타이그레이터차이나(피티코리아),https://www.wanted.co.kr/wd/249523
253624,비즈니스 애널리스트,월급쟁이부자들,https://www.wanted.co.kr/wd/253624
266374,Data Engineer,스푼랩스,https://www.wanted.co.kr/wd/266374
260373,[미니학습지] 마케터 (신입 가능),노이지콘텐츠,https://www.wanted.co.kr/wd/260373
270645,Data Engineer (포트 스캐너 개발),에스투더블유(S2W),https://www.wanted.co.kr/wd/270645
259819,데이터추출 / CPC 업무 담당자,코인원(coinone),https://www.wanted.co.kr/wd/259819
268699,Data Analyst,클로버추얼패션(CLOVirtualFashion),https://www.wanted.co.kr/wd/268699
263931,[NE:AR] 쿠팡 온라인 MD,페슬(PESEUL),https://www.wanted.co.kr/wd/263931
270796,[한국사업자경험-KMX] Sales & Performance Marketer,한국신용데이터(KCD),https://www.wanted.co.kr/wd/270796
230787,퍼포먼스 마케팅 에이전시 마케터 2년 이상,에제드,https://www.wanted.co.kr/wd/230787
230665,실내 내비게이션 연구/개발(전문연구요원가능),베스텔라랩,https://www.wanted.co.kr/wd/230665
268530,Data Scientist,휴머스온,https://www.wanted.co.kr/wd/268530
256070,백엔드&인프라 개발자,에피소든,https://www.wanted.co.kr/wd/256070
262459,[기술본부] Data Platform Software Engineer,데브시스터즈(Devsisters),https://www.wanted.co.kr/wd/262459
151338,디지털 종합 마케팅 AE,에제드,https://www.wanted.co.kr/wd/151338
271251,[SDx] Data Engineer - 스마트팩토리 데이터 파이프라인 개발 및 운영,현대오토에버,https://www.wanted.co.kr/wd/271251
270907,[EnIT] Data Architect - SI 프로젝트,현대오토에버,https://www.wanted.co.kr/wd/270907
272868,Software Sales Manager,인텔렉추얼데이터,https://www.wanted.co.kr/wd/272868
265175,빅데이터 솔루션 SaaS 백엔드 개발자 (3~10년),로이드케이,https://www.wanted.co.kr/wd/265175
263086,데이터 엔지니어 (3년 이상),씨드앤,https://www.wanted.co.kr/wd/263086
255814,데이터분석가 (사원급),콘센트릭스서비스코리아CATALYST,https://www.wanted.co.kr/wd/255814
268017,그래프데이터사이언티스트,스카이월드와이드,https://www.wanted.co.kr/wd/268017
269424,금융 데이터 Ops 엔지니어,퀀팃,https://www.wanted.co.kr/wd/269424
167029,브랜드 영업 MD,고차원,https://www.wanted.co.kr/wd/167029
248943,[피플본부] Talent Acquisition Specialist,이그니스,https://www.wanted.co.kr/wd/248943
269998,[Tech] CS프로덕트실 데이터분석가 (7년이상),우아한형제들(배달의민족),https://www.wanted.co.kr/wd/269998
249514,글로벌 빅데이터 플랫폼 BI 솔루션 개발/운영 (Data Analysis),펑타이그레이터차이나(피티코리아),https://www.wanted.co.kr/wd/249514
270048,Data Analyst (데이터 분석가),아이샵케어,https://www.wanted.co.kr/wd/270048
267335,글로벌 전자서명 솔루션 DocuSign B2B Sales,인텔렉추얼데이터,https://www.wanted.co.kr/wd/267335
146438,패션 플랫폼 시니어 사업 Product Manager PM,페칭,https://www.wanted.co.kr/wd/146438
257487,오프라인 영업 담당자,엑심베이,https://www.wanted.co.kr/wd/257487
272202,데이터 애널리스트 (주니어),메저커머스,https://www.wanted.co.kr/wd/272202
267331,데이터 판매 프로젝트 운영 담당자,셀렉트스타,https://www.wanted.co.kr/wd/267331
264305,OMS I/B 영업,헥토데이터,https://www.wanted.co.kr/wd/264305
195551,강의기획 PM 주니어(신입가능),월급쟁이부자들,https://www.wanted.co.kr/wd/195551
270902,[SDx] Data Architect - 스마트팩토리 솔루션/서비스 데이터 아키텍트,현대오토에버,https://www.wanted.co.kr/wd/270902
182330,강의기획 PM 리드,월급쟁이부자들,https://www.wanted.co.kr/wd/182330
268356,퍼포먼스 마케터 (2년~5년),다이사,https://www.wanted.co.kr/wd/268356
266877,프로젝트 매니저 (PM),레드뉴트리션,https://www.wanted.co.kr/wd/266877
272251,[Cote] 반려동물 브랜드 매니저 리더급,브랜드홀더,https://www.wanted.co.kr/wd/272251
270774,"[IVI] GIS Data Planner - 지도 2D, 3D 데이터 구축 및 운영 관리",현대오토에버,https://www.wanted.co.kr/wd/270774
258669,[몽클로스] 뷰티 브랜드 콘텐츠 마케터,키도코퍼레이션,https://www.wanted.co.kr/wd/258669
226657,빅데이터 시스템 구축 및 운영 담당자(3년 이상),엑셈,https://www.wanted.co.kr/wd/226657
81834,Data Engineer,데이터라이즈,https://www.wanted.co.kr/wd/81834
264740,데이터 분석가(Data Analyst),버즈빌(buzzvil),https://www.wanted.co.kr/wd/264740
270320,일본 마케팅 리드,아렌시아,https://www.wanted.co.kr/wd/270320
262998,Data Analyst (5년 이상),두잇 (Doeat),https://www.wanted.co.kr/wd/262998
261242,마케팅 리드 (퍼포먼스 마케터),위티,https://www.wanted.co.kr/wd/261242
247055,[인턴] Data Assistant(DA),셀렉트스타,https://www.wanted.co.kr/wd/247055
264332,마케팅기획/운영 (3년 이상),테크핀레이팅스,https://www.wanted.co.kr/wd/264332
253218,증시 데이터 모델링 담당자,웨이커,https://www.wanted.co.kr/wd/253218
262141,Deep Researcher,월드퀀트(WorldQuant Research Korea),https://www.wanted.co.kr/wd/262141
267517,Head of Data,쏘카(SOCAR),https://www.wanted.co.kr/wd/267517
262087,[아이디어스/텀블벅] Data Engineer (1년 이상),백패커,https://www.wanted.co.kr/wd/262087
233422,데이터 엔지니어,티비유,https://www.wanted.co.kr/wd/233422
222878,Data Analyst (5년차 이상),와드(캐치테이블),https://www.wanted.co.kr/wd/222878
270557,퍼포먼스 마케터,브랜드리팩터링,https://www.wanted.co.kr/wd/270557
265172,빅데이터 솔루션 데이터 엔지니어 (5~13년),로이드케이,https://www.wanted.co.kr/wd/265172
180658,디지털 퍼포먼스 마케터 (3년 이상),엠플랜잇,https://www.wanted.co.kr/wd/180658
258213,블록체인 코어 개발자,람다256,https://www.wanted.co.kr/wd/258213
249595,Data Engineer,에이비일팔공(AB180),https://www.wanted.co.kr/wd/249595
230664,빅데이터 개발자(전문연구요원가능),베스텔라랩,https://www.wanted.co.kr/wd/230664
261084,데이터 엔지니어,펫프렌즈,https://www.wanted.co.kr/wd/261084
266900,[인턴] CEO Staff,월급쟁이부자들,https://www.wanted.co.kr/wd/266900
254557,프로젝트 매니저(PM),비바이노베이션,https://www.wanted.co.kr/wd/254557
242621,[Data 관련] PM(Project Manager),인포유앤컴퍼니,https://www.wanted.co.kr/wd/242621
238671,미들급 디지털 마케터,에프랩앤컴퍼니,https://www.wanted.co.kr/wd/238671
268309,쿠팡_Sr./Staff Data Analyst_CX Product Analytics,쿠팡,https://www.wanted.co.kr/wd/268309
218263,콘텐츠 프로듀서 (데이터 사이언스 교육),코드잇(codeit),https://www.wanted.co.kr/wd/218263
265676,빅데이터 클러스터 시스템 엔지니어  (1~5년),미리비트,https://www.wanted.co.kr/wd/265676
270997,[Tech] Network Engineer - 데이터센터 네트웍 구축/운영,현대오토에버,https://www.wanted.co.kr/wd/270997
270782,[데이터사업부]MES 개발 및 구축 담당자(베트남)_C#,위즈코어,https://www.wanted.co.kr/wd/270782
256064,PO (그로스해킹 담당자),에피소든,https://www.wanted.co.kr/wd/256064
273067,Data Analyst,이노션,https://www.wanted.co.kr/wd/273067
268799,[업그레이드] 운영 팀장,튜블릿코리아,https://www.wanted.co.kr/wd/268799
272480,UX Researcher (User eXperience researcher),듀오톤,https://www.wanted.co.kr/wd/272480
230106,Product Owner(Device & Data),코코지,https://www.wanted.co.kr/wd/230106
236633,제품 Data Analyst (Middle),바비톡,https://www.wanted.co.kr/wd/236633
260372,Data Scientist (Manufacturing Data) (KR),가우스랩스(Gauss Labs),https://www.wanted.co.kr/wd/260372
176101,Business Data Analyst (BI),펫프렌즈,https://www.wanted.co.kr/wd/176101
266305,[꽃집청년들] 마케팅팀 MD 팀원,청년들,https://www.wanted.co.kr/wd/266305
267329,마케팅 매니저(신입-3년 이하),폰비,https://www.wanted.co.kr/wd/267329
271472,[자산운용] DeFi 트레이딩 봇 개발자,하이퍼리즘,https://www.wanted.co.kr/wd/271472
251395,디지털 마케터 (7년 이상),주토피아프레시,https://www.wanted.co.kr/wd/251395
237519,[UA팀] 게임베리스튜디오 데이터 분석가,에임드,https://www.wanted.co.kr/wd/237519
271220,[EnIT] Data Engineer - SAP BW / Qlik 운영,현대오토에버,https://www.wanted.co.kr/wd/271220
264402,마케팅전략 담당자,인텔렉추얼데이터,https://www.wanted.co.kr/wd/264402
263783,데이터 플랫폼 담당자(7년 이상),윌로그,https://www.wanted.co.kr/wd/263783
238143,스포츠 뉴트리션 브랜드 경영 지원/사무,레드뉴트리션,https://www.wanted.co.kr/wd/238143
268454,데이터 엔지니어,클래스101(Class101),https://www.wanted.co.kr/wd/268454
268306,쿠팡 이츠_Staff Data Analyst (Eats Strategy),쿠팡,https://www.wanted.co.kr/wd/268306
258209,프로덕트 데이터 애널리스트 (DA),오렌지스퀘어,https://www.wanted.co.kr/wd/258209
207903,Business Consultant (3년 이상),카탈라이즈리서치,https://www.wanted.co.kr/wd/207903
253476,Data파트 매니저(데이터 엔지니어),그린카,https://www.wanted.co.kr/wd/253476
263889,빅데이터 엔지니어,위앤유텍,https://www.wanted.co.kr/wd/263889
265072,CX&Operation manager (1년~5년),북아이피스,https://www.wanted.co.kr/wd/265072
266252,클라우드 Data Architect,유클릭,https://www.wanted.co.kr/wd/266252
149511,패션 플랫폼 CX / 커머스 운영,페칭,https://www.wanted.co.kr/wd/149511
272077,[인턴] [ANUA 아누아] 글로벌 마케팅 콘텐츠,더파운더즈,https://www.wanted.co.kr/wd/272077
242862,소재 품질 매니저,파운드오브제,https://www.wanted.co.kr/wd/242862
272313,MLOps Engineer,원프레딕트(onepredict),https://www.wanted.co.kr/wd/272313
267159,[쿠팡] Staff Data Scientist (Biz Analytics),쿠팡,https://www.wanted.co.kr/wd/267159
266293,Sr. Data Analyst,레브잇,https://www.wanted.co.kr/wd/266293
106425,고객 성공 매니저 (CSM),인덴트코퍼레이션,https://www.wanted.co.kr/wd/106425
239422,DevOps/MLOps Engineer (Senior),웨어러블에이아이,https://www.wanted.co.kr/wd/239422
253527,데이터 플랫폼 리드(10년 이상),윌로그,https://www.wanted.co.kr/wd/253527
272237,유아동 패션 브랜드 온라인MD(3년이상),로토토베베,https://www.wanted.co.kr/wd/272237
266473,한글과자 커머스 매니저,스윅,https://www.wanted.co.kr/wd/266473
260464,Senior Data Analyst,핌아시아,https://www.wanted.co.kr/wd/260464
266708,[병역특례] Data Scientist - 전문연구요원,식스티헤르츠,https://www.wanted.co.kr/wd/266708
269212,온체인 데이터 PM (주니어/신입),미르니,https://www.wanted.co.kr/wd/269212
236261,Product Manager 서비스 기획자 (5년 이상),팩트블록(FactBlock),https://www.wanted.co.kr/wd/236261
268169,Data Analyst,두어스,https://www.wanted.co.kr/wd/268169
248658,Senior Data Engineer,라이너(Liner),https://www.wanted.co.kr/wd/248658
90697,데이터분석마케터,지바이크(gbike),https://www.wanted.co.kr/wd/90697
236632,제품 Data Analyst (Senior),바비톡,https://www.wanted.co.kr/wd/236632
229477,영업지원,베스텔라랩,https://www.wanted.co.kr/wd/229477
269464,[홀블렌딩] 브랜드 마케터,홀블렌딩,https://www.wanted.co.kr/wd/269464
249740,라이더 정책 데이터 분석가(Business Analyst) (3년 이상),우아한청년들,https://www.wanted.co.kr/wd/249740
244602,[운영팀] 재활용 솔루션 개발 및 SCM 담당자 (Manager),테라사이클코리아,https://www.wanted.co.kr/wd/244602
267934,퍼포먼스 마케터 (1-3년차),마티니아이오,https://www.wanted.co.kr/wd/267934
261878,데이터 분석가 (2년 이상),쿡앱스(CookApps),https://www.wanted.co.kr/wd/261878
271579,그로스 해커 / 그로스 마케터 (1~3년),엑스플랫,https://www.wanted.co.kr/wd/271579
256982,SECC Filling 데이터 관리 매니저,이자,https://www.wanted.co.kr/wd/256982
180914,[병역특례 현역/보충역] 데이터분석가,넛지헬스케어(캐시워크),https://www.wanted.co.kr/wd/180914
256300,브랜드 마케터,스튜디오키코,https://www.wanted.co.kr/wd/256300
239678,데이터 비즈니스팀 팀장 (데이터 분석가),하쿠호도제일,https://www.wanted.co.kr/wd/239678
260621,병원국내/해외 기획 마케터(2년 이상),와조아(WAZOA),https://www.wanted.co.kr/wd/260621
159253,데이터 엔지니어,핵클(Hackle),https://www.wanted.co.kr/wd/159253
263877,Senior Data Analyst,리디(RIDI),https://www.wanted.co.kr/wd/263877
260701,글로벌 비즈니스 운영 매니저,섬세이,https://www.wanted.co.kr/wd/260701
267288,CRM 마케팅,트리츠,https://www.wanted.co.kr/wd/267288
259910,데이터 분석가(Data Analyst),피에프씨테크놀로지스,https://www.wanted.co.kr/wd/259910
266288,[인턴] 서비스 운영 (스파르타코딩클럽),팀스파르타,https://www.wanted.co.kr/wd/266288
255212,[알텐바흐] 브랜드 마케터,올클래드,https://www.wanted.co.kr/wd/255212
265260,데이터 엔지니어 (데이터레이크 개발),파수,https://www.wanted.co.kr/wd/265260
265226,오프라인 운영 MD / AMD (1~5년),블루엘리펀트,https://www.wanted.co.kr/wd/265226
241731,데이터 엔지니어,미리디,https://www.wanted.co.kr/wd/241731
199836,글로벌 마케팅 데이터 통합 프로젝트 PM,아티언스,https://www.wanted.co.kr/wd/199836
264779,[몽클로스] 제휴몰 온라인 MD,키도코퍼레이션,https://www.wanted.co.kr/wd/264779
272569,[판교] 보안 솔루션 기술 지원 엔지니어 (3년~8년),지란지교데이터,https://www.wanted.co.kr/wd/272569
257381,마케팅 전략 담당,디에프에스컴퍼니,https://www.wanted.co.kr/wd/257381
249518,글로벌 빅데이터 플랫폼 BI 대시보드 기획/운영 (Data Analysis),펑타이그레이터차이나(피티코리아),https://www.wanted.co.kr/wd/249518
265689,데이터 엔지니어,키즈노트,https://www.wanted.co.kr/wd/265689
266356,"[쿠팡] Staff, Data Analyst (Growth Analytics)",쿠팡,https://www.wanted.co.kr/wd/266356
139195,패션 플랫폼 Growth 마케터,페칭,https://www.wanted.co.kr/wd/139195
263510,BRICKS8 콘텐츠 마케터,더브릭스코퍼레이션,https://www.wanted.co.kr/wd/263510
262139,Quantitative Researcher,월드퀀트(WorldQuant Research Korea),https://www.wanted.co.kr/wd/262139
258397,Data Analyst (데이터분석가),앳홈,https://www.wanted.co.kr/wd/258397
253642,[SKIN1004] 동남아시아 인플루언서 마케팅,크레이버코퍼레이션,https://www.wanted.co.kr/wd/253642
264659,데이터 분석 매니저,밀리의서재,https://www.wanted.co.kr/wd/264659
236578,[제품실] Backend Engineer,한국신용데이터(KCD),https://www.wanted.co.kr/wd/236578
156626,데이터 엔지니어 (Data Engineer),라플라스테크놀로지스,https://www.wanted.co.kr/wd/156626
267371,마케팅 Data Analyst(Middle),바비톡,https://www.wanted.co.kr/wd/267371
259655,정부/국책과제,어반데이터랩,https://www.wanted.co.kr/wd/259655
272488,데이터 엔지니어 (7년 이상),팀프레시,https://www.wanted.co.kr/wd/272488
261306,퍼포먼스 마케터 (2년 이상),와이즈버즈(wisebirds),https://www.wanted.co.kr/wd/261306
268144,Medical Data Manager · Lunit SCOPE,루닛(Lunit),https://www.wanted.co.kr/wd/268144
264904,Data Analyst (시니어),로앤컴퍼니(lawtalk),https://www.wanted.co.kr/wd/264904
254514,의료 데이터분석가,에비드넷,https://www.wanted.co.kr/wd/254514
267741,"[비그룸] 마케팅(퍼포먼스,데이터분석,IMC)",펄스코퍼레이션,https://www.wanted.co.kr/wd/267741
271030,[M&C] Database Administrator - 커넥티드카시스템 DB 운영 DBA,현대오토에버,https://www.wanted.co.kr/wd/271030
266656,"Senior, Data Analyst (SCM)",쿠팡,https://www.wanted.co.kr/wd/266656
251458,데이터 분석 리드,라포랩스(퀸잇),https://www.wanted.co.kr/wd/251458
264660,데이터 엔지니어,밀리의서재,https://www.wanted.co.kr/wd/264660
146722,데이터 애널리스트 (리드),월급쟁이부자들,https://www.wanted.co.kr/wd/146722
270079,선생님 공급운영파트 - Operation Manager,오누이(설탭),https://www.wanted.co.kr/wd/270079
238835,화장품 오프라인 영업지원,지엘커뮤니케이션즈,https://www.wanted.co.kr/wd/238835
254604,주소 데이터 담당자,티맵모빌리티,https://www.wanted.co.kr/wd/254604
240754,BI팀 데이터 분석가,컬리,https://www.wanted.co.kr/wd/240754
266740,경영관리/CEO 스태프,파뤼파트너스,https://www.wanted.co.kr/wd/266740
271660,ESG & 탄소배출 리서처 (신입),한국그린데이터,https://www.wanted.co.kr/wd/271660
261443,퍼포먼스/콘텐츠 마케터 (1년이상),단색,https://www.wanted.co.kr/wd/261443
257380,K-POP 글로벌 팬덤 플랫폼 운영 담당자,비전브릿지파트너스,https://www.wanted.co.kr/wd/257380
241921,[전문연구요원(석사)] Software Engineer / Data Analyst,두잇 (Doeat),https://www.wanted.co.kr/wd/241921
211784,데이터 분석가,키즈노트,https://www.wanted.co.kr/wd/211784
240082,데이터 기획 및 분석 (BI),해긴,https://www.wanted.co.kr/wd/240082
249290,"데이터 분석가(그로스해커), 부산",페이타랩(패스오더),https://www.wanted.co.kr/wd/249290
73675,퍼포먼스/콘텐츠 마케터 (1년이상),단색,https://www.wanted.co.kr/wd/73675
260101,데이터 엔지니어,카카오헬스케어,https://www.wanted.co.kr/wd/260101
251918,[기술본부] Data Warehouse Engineer (5년 이상),데브시스터즈(Devsisters),https://www.wanted.co.kr/wd/251918
195492,ML Engineer,데이터메이커,https://www.wanted.co.kr/wd/195492
271821,Senior Technical Program Manager,버킷플레이스(오늘의집),https://www.wanted.co.kr/wd/271821
271575,[장부팀] Data Scraping Engineer,한국신용데이터(KCD),https://www.wanted.co.kr/wd/271575
259825,Data Analyst Lead (29CM 고객데이터분석팀),무신사,https://www.wanted.co.kr/wd/259825
253515,데이터 분석가,111퍼센트,https://www.wanted.co.kr/wd/253515
251691,K8S 구축 백엔드 빅데이터 개발자,미리비트,https://www.wanted.co.kr/wd/251691
253341,데이터 품질 및 표준 컨설턴트,비투엔,https://www.wanted.co.kr/wd/253341
255609,[인턴] [이데넬] 브랜드 전략팀,에스알바이오텍,https://www.wanted.co.kr/wd/255609
251261,DBA (DataBase Administrator) - PostgreSQL,웨이커,https://www.wanted.co.kr/wd/251261
257641,HR Generalist,스튜디오씨드코리아(프로토파이),https://www.wanted.co.kr/wd/257641
231550,LLM Engineer (Ambient Intelligence),포티투닷(42dot),https://www.wanted.co.kr/wd/231550
272201,영업지원 담당자 (계약직),비로보틱스(배민로봇),https://www.wanted.co.kr/wd/272201
239395,Data Pipeline Engineer,두나무(업비트/증권플러스),https://www.wanted.co.kr/wd/239395
259963,글로벌 라이브 매니저 (Japan),피아이코퍼레이션,https://www.wanted.co.kr/wd/259963
216305,퍼포먼스 마케터(부산),페이타랩(패스오더),https://www.wanted.co.kr/wd/216305
233108,비임상 DM STAT 분석 책임연구원(과장급),몰림,https://www.wanted.co.kr/wd/233108
268781,[광고사업부] 데이터 컨설팅팀 팀리드 (7년 이상),매드업,https://www.wanted.co.kr/wd/268781
264363,데이터 플랫폼 엔지니어 - 빅데이터,카카오뱅크(kakaobank),https://www.wanted.co.kr/wd/264363
222696,"Lead Data Engineer, ML Data Platform",트웰브랩스(Twelve Labs),https://www.wanted.co.kr/wd/222696
247509,데이터 엔지니어(DE),기어세컨드,https://www.wanted.co.kr/wd/247509
266114,[쿠팡] 데이터 분석 & 테스트 PM,쿠팡,https://www.wanted.co.kr/wd/266114
167495,Data Scientist,바이온사이트,https://www.wanted.co.kr/wd/167495
244482,온라인 마케팅 디지털 광고 퍼포먼스 기획 및 수행,툰스퀘어,https://www.wanted.co.kr/wd/244482
94830,퍼포먼스 마케터,에제드,https://www.wanted.co.kr/wd/94830
264892,신선식품(과일) 온라인 채널담당MD (3년 이상),온브릭스,https://www.wanted.co.kr/wd/264892
222692,"Data Engineer, ML Data Platform",트웰브랩스(Twelve Labs),https://www.wanted.co.kr/wd/222692
273068,Data Engineer (Google Analytics 4),이노션,https://www.wanted.co.kr/wd/273068
256235,Data Engineer,씨제이올리브영(CJ올리브영),https://www.wanted.co.kr/wd/256235
262411,[포카마켓] 오프라인 MD,인플루디오,https://www.wanted.co.kr/wd/262411
194516,Data Engineer,앰버로드,https://www.wanted.co.kr/wd/194516
213909,[개발] JAVA/Python 개발(7년차 이상),아이알큐더스,https://www.wanted.co.kr/wd/213909
160880,데이터모델링(Erwin)  기술지원 엔지니어 (3년이상),소프트베르크,https://www.wanted.co.kr/wd/160880
268339,고객 데이터 분석 담당자 (1년 계약),콘텐츠웨이브(wavve),https://www.wanted.co.kr/wd/268339
252891,데이터 엔지니어,레진엔터테인먼트,https://www.wanted.co.kr/wd/252891
157552,데이터분석가,넛지헬스케어(캐시워크),https://www.wanted.co.kr/wd/157552
65802,데이터 엔지니어,에이블리코퍼레이션,https://www.wanted.co.kr/wd/65802
188007,여행&호텔 서비스 개발자,트립토파즈,https://www.wanted.co.kr/wd/188007
262341,[데이터사업부]제조실행시스템 개발 및 구축 담당자_MES(C#),위즈코어,https://www.wanted.co.kr/wd/262341
252816,데이터 컨설팅 및 구축 사업 PM/PL 담당자,비투엔,https://www.wanted.co.kr/wd/252816
216720,퍼포먼스 마케터 (3년 이하),맥시마이저,https://www.wanted.co.kr/wd/216720
266295,[마케팅팀] 광고/컨텐츠 디자이너(1년이상),온누리커뮤니케이션,https://www.wanted.co.kr/wd/266295
257507,데이터 사이언티스트(Data Scientist),그린랩스,https://www.wanted.co.kr/wd/257507
246127,비즈니스 컨설턴트 (Data 분석),콘센트릭스서비스코리아CATALYST,https://www.wanted.co.kr/wd/246127
228948,퍼포먼스 마케터 (4-7년차),마티니아이오,https://www.wanted.co.kr/wd/228948
251743,[HYBE IPX] 응원봉 연출 데이터 제작,하이브(HYBE),https://www.wanted.co.kr/wd/251743
269024,Software Engineer (Data) (6년 이상) 시니어,클럼엘,https://www.wanted.co.kr/wd/269024
262098,백엔드 개발자,제일씨앤씨,https://www.wanted.co.kr/wd/262098
147683,데이터 사이언티스트,안티그래비티,https://www.wanted.co.kr/wd/147683
242037,"[광고/마케팅] Senior, Data Analyst (Ads Analytics)",쿠팡,https://www.wanted.co.kr/wd/242037
247657,데이터 엔지니어,엘리스,https://www.wanted.co.kr/wd/247657
243828,Product Manager (Senior),팀에버플,https://www.wanted.co.kr/wd/243828
246126,데이터분석 태깅,콘센트릭스서비스코리아CATALYST,https://www.wanted.co.kr/wd/246126
272405,Data Engineer (PM),이노션,https://www.wanted.co.kr/wd/272405
251513,[キャディ株式会社] Data Engineer_근무지 일본,원티드_일본 현지 채용,https://www.wanted.co.kr/wd/251513
244681,데이터 엔지니어,이노케어플러스,https://www.wanted.co.kr/wd/244681
247196,DBA (DataBase Administrator) - MySQL,컬리,https://www.wanted.co.kr/wd/247196
272025,데이터 분석가(QA) (3년이상),퍼플페퍼,https://www.wanted.co.kr/wd/272025
250190,Data Analyst [CFS Operations(Fresh and Core)],쿠팡,https://www.wanted.co.kr/wd/250190
244198,의약품 시장 데이터 사업(BD),이노케어플러스,https://www.wanted.co.kr/wd/244198
105496,데이터 사이언티스트(부피 알고리즘),안티그래비티,https://www.wanted.co.kr/wd/105496
195143,Data Analyst,토스뱅크,https://www.wanted.co.kr/wd/195143
273170,데이터 엔지니어링 크롤러,얼터너티브자산운용,https://www.wanted.co.kr/wd/273170
272426,[SIDAS] 맞춤 인솔 제작 담당 (본사 근무),월터워커,https://www.wanted.co.kr/wd/272426
273064,Data Consulting & Analytics Manager,이노션,https://www.wanted.co.kr/wd/273064
273057,[플랫폼] 데이터 분석/운영,이노션,https://www.wanted.co.kr/wd/273057
273027,Data Analyst (3년차 이상),와드(캐치테이블),https://www.wanted.co.kr/wd/273027
273009,데이터 엔지니어 & 프로젝트 매니저 (팀장급) 10년이상,메이븐클라우드서비스,https://www.wanted.co.kr/wd/273009
272775,Privacy Data Manager,비바리퍼블리카(토스),https://www.wanted.co.kr/wd/272775
272469,일본 마케터 리더,올릿,https://www.wanted.co.kr/wd/272469
272572,[대전] 보안 솔루션 기술 영업 (5년 이하),지란지교데이터,https://www.wanted.co.kr/wd/272572
272568,[판교] MacOS Application 개발자 (7년 이상),지란지교데이터,https://www.wanted.co.kr/wd/272568
272493,자재 구매 담당자,피피비스튜디오스(PPB Studios Co.),https://www.wanted.co.kr/wd/272493
272388,[쿠팡] Data Analyst (Corporate FP&A),쿠팡,https://www.wanted.co.kr/wd/272388
271013,[Tech] IDC Architect - IDC 구축/운영 (파주/의왕/광주/울산),현대오토에버,https://www.wanted.co.kr/wd/271013
255965,퍼포먼스 마케터(3~4년),봄센,https://www.wanted.co.kr/wd/255965
230893,Head of Credit Risk and Data,에잇퍼센트(8PERCENT),https://www.wanted.co.kr/wd/230893
263339,솔루션 엔지니어(Solution Engineer),라플라스테크놀로지스,https://www.wanted.co.kr/wd/263339
260816,디지털 마케터,턴키글로벌코리아,https://www.wanted.co.kr/wd/260816
262445,일본 이커머스 MD,제이디티씨,https://www.wanted.co.kr/wd/262445
262452,일본 바이럴 마케팅 담당자,제이디티씨,https://www.wanted.co.kr/wd/262452
256283,[침해사고 대응파트] Cert Engineer,한국신용데이터(KCD),https://www.wanted.co.kr/wd/256283
251274,빅데이터 K8S환경 구축 운영 (7년이상),미리비트,https://www.wanted.co.kr/wd/251274
248977,Senior Data Engineer - LLM,업스테이지,https://www.wanted.co.kr/wd/248977
161537,데이터 엔지니어,셰어라운드,https://www.wanted.co.kr/wd/161537
216068,서버 및 인프라 개발자,데이터메이커,https://www.wanted.co.kr/wd/216068
241286,"쿠팡 Manager, Data Analyst (Coupang Advertising)",쿠팡,https://www.wanted.co.kr/wd/241286
154911,Data Engineer,모플,https://www.wanted.co.kr/wd/154911
234598,IMC마케팅팀장(퍼포먼스마케터 및 데이터분석가),아이트럭,https://www.wanted.co.kr/wd/234598
225115,데이터 사이언티스트,위버스컴퍼니(WEVERSE COMPANY),https://www.wanted.co.kr/wd/225115
195494,프론트엔드 개발자,데이터메이커,https://www.wanted.co.kr/wd/195494
216863,빅데이터 처리 시스템 개발,파수,https://www.wanted.co.kr/wd/216863
216081,웹 그래픽(F/E) 개발자,데이터메이커,https://www.wanted.co.kr/wd/216081
195493,백엔드 개발자,데이터메이커,https://www.wanted.co.kr/wd/195493
210157,Data Scientist,한국그린데이터,https://www.wanted.co.kr/wd/210157
233632,Big Data Engineer,현대캐피탈,https://www.wanted.co.kr/wd/233632
216073,DevOps 개발자,데이터메이커,https://www.wanted.co.kr/wd/216073
216485,프로덕트 기획자(PM/PO),데이터메이커,https://www.wanted.co.kr/wd/216485
222974,백엔드 개발자,한국그린데이터,https://www.wanted.co.kr/wd/222974
119414,데이터 분석가(3년차),단색,https://www.wanted.co.kr/wd/119414
240752,[서비스플랫폼팀] Backend Engineer,한국신용데이터(KCD),https://www.wanted.co.kr/wd/240752
81841,Backend Engineer(3년~5년),데이터라이즈,https://www.wanted.co.kr/wd/81841
225764,Java 개발자 (3-7년),스칼라데이터,https://www.wanted.co.kr/wd/225764
270642,Data Engineer (비웹수집 파이프라인),에스투더블유(S2W),https://www.wanted.co.kr/wd/270642
270160,데이터엔지니어 및 소프트웨어개발자,디딤365,https://www.wanted.co.kr/wd/270160
227540,프로덕트/UX 디자이너 (대리/과장급),디셈버앤컴퍼니(핀트),https://www.wanted.co.kr/wd/227540
260687,에누리 서비스기획(7년 이상),커넥트웨이브,https://www.wanted.co.kr/wd/260687
268222,홍보 바이럴 마케팅,지엔엠라이프,https://www.wanted.co.kr/wd/268222
251980,콘텐츠 마케터(인플루언서 파트너십),클래스101(Class101),https://www.wanted.co.kr/wd/251980
268648,퍼포먼스 마케터(4년 이상),바비톡,https://www.wanted.co.kr/wd/268648
269697,데이터 사이언티스트 머신러닝 연구원(3년이상),코웨이,https://www.wanted.co.kr/wd/269697
271234,[SDx] Data Engineer - 스마트팩토리 데이터 수집 및 처리 (광명 소하),현대오토에버,https://www.wanted.co.kr/wd/271234
269440,영업전략 기획 담당자,월드홈닥터,https://www.wanted.co.kr/wd/269440
271602,채용 담당자(리크루터),코인원(coinone),https://www.wanted.co.kr/wd/271602
269848,데이터 엔지니어,엔미디어플랫폼,https://www.wanted.co.kr/wd/269848
272299,데이터 사이언티스트,스마트마인드,https://www.wanted.co.kr/wd/272299
264686,Product Designer,캐롯손해보험,https://www.wanted.co.kr/wd/264686
270442,Product Designer (3년 이상),웨이브덱,https://www.wanted.co.kr/wd/270442
269222,[Catalyst]  데이터엔지니어,콘센트릭스서비스코리아CATALYST,https://www.wanted.co.kr/wd/269222
233910,Frontend Engineer,데이터라이즈,https://www.wanted.co.kr/wd/233910
271899,Product Manager - 패키지,놀유니버스,https://www.wanted.co.kr/wd/271899
269491,신입 데이터 엔지니어,앤톡(Antock),https://www.wanted.co.kr/wd/269491
264977,Junior Product Manager,버즈앤비,https://www.wanted.co.kr/wd/264977
270268,[마켓팀] Senior Front-End Engineer,한국신용데이터(KCD),https://www.wanted.co.kr/wd/270268
263276,B2C 사업기획 매니저,밀리의서재,https://www.wanted.co.kr/wd/263276
272151,데이터서비스 PO,씨제이올리브영(CJ올리브영),https://www.wanted.co.kr/wd/272151
271642,[구독팀] Growth Marketer,한국신용데이터(KCD),https://www.wanted.co.kr/wd/271642
264533,컨텐츠 마케팅 및 마케팅 커뮤니케이션 담당자 (2년 이상),콜로세움코퍼레이션,https://www.wanted.co.kr/wd/264533
271066,UX 디자이너(App/Web) (대리급),아파트아이,https://www.wanted.co.kr/wd/271066
267930,[디자인팀] Platform Designer,한국신용데이터(KCD),https://www.wanted.co.kr/wd/267930
246991,Backend Engineer(6~10년),데이터라이즈,https://www.wanted.co.kr/wd/246991
270596,인사,퍼플페퍼,https://www.wanted.co.kr/wd/270596
267983,[매장팀] Back-End Engineer,한국신용데이터(KCD),https://www.wanted.co.kr/wd/267983
267927,데이터 엔지니어,라포랩스(퀸잇),https://www.wanted.co.kr/wd/267927
271029,[공통] Business Developer - ICT 상품기획,현대오토에버,https://www.wanted.co.kr/wd/271029
221895,[내집스캔] 프로덕트 디자이너 팀원,한국부동산데이터연구소,https://www.wanted.co.kr/wd/221895
271335,[데이터분석팀] Data Analyst,한국신용데이터(KCD),https://www.wanted.co.kr/wd/271335
266610,콘텐츠 마케터,두꺼비세상,https://www.wanted.co.kr/wd/266610
266863,Data Scientist in Financial,페니로이스,https://www.wanted.co.kr/wd/266863
262447,서비스 기획자,플렉슬,https://www.wanted.co.kr/wd/262447
73517,인공지능 연구개발,카이어,https://www.wanted.co.kr/wd/73517
179426,콘텐츠 디자이너,월급쟁이부자들,https://www.wanted.co.kr/wd/179426
266969,Data Analyst (마케팅팀),타다(VCNC),https://www.wanted.co.kr/wd/266969
269007,PO,에이치투오호스피탈리티,https://www.wanted.co.kr/wd/269007
262589,헬스케어 플랫폼 Product Manager,케어랩스,https://www.wanted.co.kr/wd/262589
268650,데이터 애널리스트,교보라이프플래닛생명보험,https://www.wanted.co.kr/wd/268650
269136,데이터엔지니어,바이오리서치에이아이,https://www.wanted.co.kr/wd/269136
247599,게임 데이터 분석 담당자,넷마블,https://www.wanted.co.kr/wd/247599
270236,[어반유니온] 회계팀 매니저(7년 이상),어반데이터랩,https://www.wanted.co.kr/wd/270236
266189,온라인 MD / AMD (1~5년),블루엘리펀트,https://www.wanted.co.kr/wd/266189
269150,콘텐츠 마케터,레플리,https://www.wanted.co.kr/wd/269150
263820,주니어 데이터 사이언티스트,디큐랩,https://www.wanted.co.kr/wd/263820
251377,백엔드기획(PO),더블유컨셉코리아(W컨셉),https://www.wanted.co.kr/wd/251377
264542,풀스택 개발자,프롭데이터,https://www.wanted.co.kr/wd/264542
271311,기업 데이터 사이언티스트,앤톡(Antock),https://www.wanted.co.kr/wd/271311
268801,검색 프로덕트오너,강남언니(힐링페이퍼),https://www.wanted.co.kr/wd/268801
257360,Data Analyst (데이터 분석가),마티니아이오,https://www.wanted.co.kr/wd/257360
267167,데이터 엔지니어,페이히어,https://www.wanted.co.kr/wd/267167
255684,데이터 사이언티스트,바로팜,https://www.wanted.co.kr/wd/255684
267981,[매장팀] Senior Back-End Engineer,한국신용데이터(KCD),https://www.wanted.co.kr/wd/267981
241721,[커머스프로덕션] 시니어 프로덕트 매니저,미리디,https://www.wanted.co.kr/wd/241721
269991,Data Analyst,이팝소프트(말해보카),https://www.wanted.co.kr/wd/269991
156689,데이터 애널리스트,월급쟁이부자들,https://www.wanted.co.kr/wd/156689
264801,데이터분석가,클래스유,https://www.wanted.co.kr/wd/264801
224963,파이썬(Python) 개발자,에잇퍼센트(8PERCENT),https://www.wanted.co.kr/wd/224963
262250,데이터 분석가,에이블리코퍼레이션,https://www.wanted.co.kr/wd/262250
247869,데이터 분석가 - 데이터분석팀,카카오페이(kakaopay),https://www.wanted.co.kr/wd/247869
268997,UI/UX 디자이너,라이브데이터,https://www.wanted.co.kr/wd/268997
268029,[커머스프로덕션] 프로덕트 디자이너(UI/UX Designer),미리디,https://www.wanted.co.kr/wd/268029
269349,데이터분석팀 (1년 계약직),로앤컴퍼니(lawtalk),https://www.wanted.co.kr/wd/269349
247595,게임 이상탐지 데이터분석가,넷마블,https://www.wanted.co.kr/wd/247595
261996,Data Engineer(스크래핑),지엔터프라이즈,https://www.wanted.co.kr/wd/261996
268137,패션 플랫폼 주니어 사업 Product Manager PM,페칭,https://www.wanted.co.kr/wd/268137
268705,[HYBE] 데이터 사이언티스트,하이브(HYBE),https://www.wanted.co.kr/wd/268705
247828,게임 데이터 모델링/DW엔지니어,넷마블,https://www.wanted.co.kr/wd/247828
254695,금융 데이터 웹서비스 개발자(React-Typescript),피치덱,https://www.wanted.co.kr/wd/254695
252021,[인턴] 데이터 매니저,지로,https://www.wanted.co.kr/wd/252021
267439,[미리디] 데이터 분석,미리디,https://www.wanted.co.kr/wd/267439
240941,Data Engineer,아임웹,https://www.wanted.co.kr/wd/240941
268639,[랩노쉬] 자사몰 프로모션 기획자,이그니스,https://www.wanted.co.kr/wd/268639
270423,데이터 엔지니어 신입/주니어,로이드케이,https://www.wanted.co.kr/wd/270423
266904,CEO Staff 주니어,월급쟁이부자들,https://www.wanted.co.kr/wd/266904
265071,서비스 기획자,트립일레븐,https://www.wanted.co.kr/wd/265071
269126,People Manager (C&B),매스프레소(콴다),https://www.wanted.co.kr/wd/269126
268614,데이터 파이프라인 엔지니어,한국딥러닝,https://www.wanted.co.kr/wd/268614
269694,Backend Developer (3~5년),비비티에이아이코리아,https://www.wanted.co.kr/wd/269694
269481,Data Engineer,"브레이브모바일(숨고,Soomgo)",https://www.wanted.co.kr/wd/269481
196506,Backend Engineer - Data Pipeline,에이비일팔공(AB180),https://www.wanted.co.kr/wd/196506
267465,Business Planning Assistant (1년 이상-4년 이하),한국그린데이터,https://www.wanted.co.kr/wd/267465
252207,Data Analyst (신입/2년 이하),두잇 (Doeat),https://www.wanted.co.kr/wd/252207
264364,데이터 마트 개발 담당자 - 빅데이터,카카오뱅크(kakaobank),https://www.wanted.co.kr/wd/264364
223783,[내집스캔] Software Engineer,한국부동산데이터연구소,https://www.wanted.co.kr/wd/223783
263882,소프트웨어 엔지니어,위앤유텍,https://www.wanted.co.kr/wd/263882
255948,스토어운영MD,키즈노트,https://www.wanted.co.kr/wd/255948
268366,Software Engineer (Data),프렉스코리아(Prex),https://www.wanted.co.kr/wd/268366
268589,데이터 서비스 플랫폼 엔지니어(Front-end개발),씨제이올리브영(CJ올리브영),https://www.wanted.co.kr/wd/268589
177620,Data Analytics Engineer,데이터라이즈,https://www.wanted.co.kr/wd/177620
257009,Back-end Engineer,부릉,https://www.wanted.co.kr/wd/257009
262789,서비스 기획자,위티,https://www.wanted.co.kr/wd/262789
226873,Data Analyst,아임웹,https://www.wanted.co.kr/wd/226873
268307,쿠팡Sr/Staff Data Scientist_CX Product Analytics,쿠팡,https://www.wanted.co.kr/wd/268307
249033,"데이터 분석가(그로스해커), 서울",페이타랩(패스오더),https://www.wanted.co.kr/wd/249033
263417,프로덕트 디자이너(Monoplex App),알엔알(RNR),https://www.wanted.co.kr/wd/263417
238086,[CVS] 데이터 분석가(Business Analyst),베이글코드(Bagelcode),https://www.wanted.co.kr/wd/238086
233495,[마켓팀] MD,한국신용데이터(KCD),https://www.wanted.co.kr/wd/233495
258066,데이터 분석가(Data Analyst),그린랩스,https://www.wanted.co.kr/wd/258066
246539,[데이터플랫폼팀] Data Engineer,한국신용데이터(KCD),https://www.wanted.co.kr/wd/246539
251752,Data Engineer,엘박스,https://www.wanted.co.kr/wd/251752
270014,백엔드 개발자 (5년 이상),아이헤이트플라잉버그스,https://www.wanted.co.kr/wd/270014
212154,[내집스캔] Software Engineer,한국부동산데이터연구소,https://www.wanted.co.kr/wd/212154
270020,[Tech] MLOps팀 Data Engineer (3년 이상),위대한상상(요기요),https://www.wanted.co.kr/wd/270020
268064,Sales Manager,모두닥,https://www.wanted.co.kr/wd/268064
258792,Data Analyst,코코지,https://www.wanted.co.kr/wd/258792
226473,Data Engineer(Jr),데이터라이즈,https://www.wanted.co.kr/wd/226473
268282,데이터 분석가,비누랩스,https://www.wanted.co.kr/wd/268282
269025,Software Engineer (Data) (신입),클럼엘,https://www.wanted.co.kr/wd/269025
264097,데이터엔지니어,블리몽키즈,https://www.wanted.co.kr/wd/264097
233520,[채널톡] 데이터 분석가,채널코퍼레이션,https://www.wanted.co.kr/wd/233520
247524,데이터 분석가,기어세컨드,https://www.wanted.co.kr/wd/247524
240928,UX 디자이너,블록스푼,https://www.wanted.co.kr/wd/240928
238088,[인턴/CVS] 데이터 분석가 (Business Analyst),베이글코드(Bagelcode),https://www.wanted.co.kr/wd/238088
216301,퍼포먼스 마케터(서울),페이타랩(패스오더),https://www.wanted.co.kr/wd/216301
245677,Data Scientist,여기어때컴퍼니,https://www.wanted.co.kr/wd/245677
268518,[인턴] HR,스카이랩스(SkyLabs),https://www.wanted.co.kr/wd/268518
245706,데이터 사이언티스트,메디웨일,https://www.wanted.co.kr/wd/245706
195243,데이터 엔지니어,강남언니(힐링페이퍼),https://www.wanted.co.kr/wd/195243
262617,[쿠팡] 고객센터 데이터분석 담당자 (대리급),쿠팡,https://www.wanted.co.kr/wd/262617
264788,C레벨  데이터 엔지니어,클럽콘크리트,https://www.wanted.co.kr/wd/264788
259165,[Mnet Plus] Data Analyst,씨제이이엔엠(CJ ENM),https://www.wanted.co.kr/wd/259165
250767,데이터 분석가,중앙일보,https://www.wanted.co.kr/wd/250767
257621,Data Engineer,토스페이먼츠,https://www.wanted.co.kr/wd/257621
254693,Data Analyst,여기어때컴퍼니,https://www.wanted.co.kr/wd/254693
262759,Place data 운영 담당자 (1년 계약직),포티투닷(42dot),https://www.wanted.co.kr/wd/262759
244755,데이터 사이언티스트 (검색/추천),컬리,https://www.wanted.co.kr/wd/244755
106479,데이터 엔지니어 [데이터팀],원티드랩,https://www.wanted.co.kr/wd/106479
256339,데이터 분석가,라프텔(Laftel),https://www.wanted.co.kr/wd/256339
266882,[제주] 개발자 (4년 이상),잇뉴,https://www.wanted.co.kr/wd/266882
242110,Data Scientist,빅밸류,https://www.wanted.co.kr/wd/242110
247935,데이터 엔지니어 - DW / BI 시스템 개발,카카오페이(kakaopay),https://www.wanted.co.kr/wd/247935
191938,Data Scientist,앰버로드,https://www.wanted.co.kr/wd/191938
240355,Python 데이터 처리 알고리즘 개발자,포지큐브(POSICUBE),https://www.wanted.co.kr/wd/240355
272747,프론트엔드 엔지니어,앙트러리얼리티,https://www.wanted.co.kr/wd/272747
264196,Senior Product Manager,버즈앤비,https://www.wanted.co.kr/wd/264196
265068,PM (5~7년),인덴트코퍼레이션,https://www.wanted.co.kr/wd/265068
264685,글로벌 B2B SaaS 솔루션 영업 담당자,트레드링스(Tradlinx),https://www.wanted.co.kr/wd/264685
271500,Brand Manager (Beauty & Personal Care),넥스트챕터(NextChapter),https://www.wanted.co.kr/wd/271500
262614,ML/DL 비전 엔지니어 시니어,한국딥러닝,https://www.wanted.co.kr/wd/262614
217255,[쏜리서치] 온라인 MD,테라바이오텍코리아,https://www.wanted.co.kr/wd/217255
272242,Research Engineer (경력무관),에스아이에이,https://www.wanted.co.kr/wd/272242
216934,[R&D] ML/DL 엔지니어 (5년 이상),리얼티쓰,https://www.wanted.co.kr/wd/216934
270615,굿즈/IP 상품 MD,알엑스씨(RXC),https://www.wanted.co.kr/wd/270615
255556,바이오인식 / OCR 알고리즘 개발,엑스페릭스,https://www.wanted.co.kr/wd/255556
271503,PM,두꺼비세상,https://www.wanted.co.kr/wd/271503
269361,자율주행 인지 소프트웨어 엔지니어 (전문연구요원 지원 가능),에이스웍스코리아,https://www.wanted.co.kr/wd/269361
265188,대만 지역 인플루언서 마케팅,올리브인터내셔널,https://www.wanted.co.kr/wd/265188
263922,"SW 개발자 (Linux Middleware, BSP) (3년 이상)",파더스랩,https://www.wanted.co.kr/wd/263922
222677,"Machine Learning Engineer, MLOps & Evaluation",트웰브랩스(Twelve Labs),https://www.wanted.co.kr/wd/222677
253311,Product Manager (3년 이상),스모어톡,https://www.wanted.co.kr/wd/253311
247698,서비스 기획자,마인드로직 (Mindlogic Inc.),https://www.wanted.co.kr/wd/247698
260077,Middle East-Sales & Marketing,달바글로벌,https://www.wanted.co.kr/wd/260077
265816,[일본] 브랜드마케터,올리브인터내셔널,https://www.wanted.co.kr/wd/265816
265815,[일본] 인플루언서 마케터,올리브인터내셔널,https://www.wanted.co.kr/wd/265815
269188,온라인 AMD 스페셜리스트,워로브라더스,https://www.wanted.co.kr/wd/269188
267385,Pre-sales 엔지니어 (3년 이상),다화테크놀로지코리아,https://www.wanted.co.kr/wd/267385
266883,Front-end 개발자(플랫폼 및 SaaS 프로덕트 개발),트레드링스(Tradlinx),https://www.wanted.co.kr/wd/266883
267954,Sales Manager(제휴영업),토스페이먼츠,https://www.wanted.co.kr/wd/267954
269717,Product Manager(PM),라이드,https://www.wanted.co.kr/wd/269717
265456,Product Owner,모인(MOIN),https://www.wanted.co.kr/wd/265456
136818,영상 인식 알고리즘 개발 엔지니어,모본,https://www.wanted.co.kr/wd/136818
183204,Senior Product Owner,리멤버앤컴퍼니,https://www.wanted.co.kr/wd/183204
251846,머신러닝 엔지니어 (Computer Vision),액트노바,https://www.wanted.co.kr/wd/251846
233087,Backend Developer (Middle),바비톡,https://www.wanted.co.kr/wd/233087
272809,Java+LLM 개발자,다큐브(daquv),https://www.wanted.co.kr/wd/272809
267632,NLP/LLM 엔지니어,테스트웍스,https://www.wanted.co.kr/wd/267632
265342,LLM Optimization Engineer,옵트에이아이,https://www.wanted.co.kr/wd/265342
233546,Machine Learning Engineer(LLM Application),엘박스,https://www.wanted.co.kr/wd/233546
261608,Sr. LLM Project Manager (5년 이상),올거나이즈코리아(Allganize Korea),https://www.wanted.co.kr/wd/261608
225016,머신러닝 엔지니어 (LLM),마키나락스,https://www.wanted.co.kr/wd/225016
207703,신약개발 LLM 인공지능 연구원,보로노이,https://www.wanted.co.kr/wd/207703
244312,[AX] LLM 소프트웨어 엔지니어,콕스웨이브,https://www.wanted.co.kr/wd/244312
270564,LLM Project Manager (Contractor),올거나이즈코리아(Allganize Korea),https://www.wanted.co.kr/wd/270564
258819,비서 (2년 이상),박스풀,https://www.wanted.co.kr/wd/258819
253458,LLM Researcher,애자일소다,https://www.wanted.co.kr/wd/253458
250559,ML Engineer (LLM),비비던트코리아,https://www.wanted.co.kr/wd/250559
265885,MLOps/LLMOps 엔지니어,큐빅,https://www.wanted.co.kr/wd/265885
255331,인공지능 LLM 개발 (SEC Filling),이자,https://www.wanted.co.kr/wd/255331
224603,LLM Engineer (LLM 학습/튜닝/강화학습),포티투닷(42dot),https://www.wanted.co.kr/wd/224603
268946,[ESTsecurity] 알약 xLLM 제품 개발,이스트소프트(ESTsoft),https://www.wanted.co.kr/wd/268946
267299,LLM Application Engineer,아이브릭스,https://www.wanted.co.kr/wd/267299
265750,머신러닝/딥러닝 엔지니어,아이스크림에듀,https://www.wanted.co.kr/wd/265750
265711,LLM 개발자,씨앤에이아이,https://www.wanted.co.kr/wd/265711
268549,Back-end Engineer (Fulfillment Technologies),쿠팡,https://www.wanted.co.kr/wd/268549
264181,[신입] 머신러닝 엔지니어 (LLM),마키나락스,https://www.wanted.co.kr/wd/264181
258818,경영지원 담당자,박스풀,https://www.wanted.co.kr/wd/258818
270365,[Gopax] 자금세탁방지(AML운영),스트리미(Streami),https://www.wanted.co.kr/wd/270365
272873,"규제대응(AML, FDS 등)시스템 B/E 개발자",빗썸,https://www.wanted.co.kr/wd/272873
268947,Business Development,오틈랩스(OTTMLabs),https://www.wanted.co.kr/wd/268947
263753,Senior ML Engineer (3년 이상),데이블(Dable),https://www.wanted.co.kr/wd/263753
272061,Head of Marketing,오틈랩스(OTTMLabs),https://www.wanted.co.kr/wd/272061
110601,ML Researcher,메이아이,https://www.wanted.co.kr/wd/110601
226421,렌딩 인텔리전스 랩 MLOps 엔지니어,어니스트에이아이,https://www.wanted.co.kr/wd/226421
270855,"[Lead] 프론트앤드 웹개발 (JavaScript, HTML5, CSS)",하와이컴퍼니,https://www.wanted.co.kr/wd/270855
267669,[토스] AML Manager (KYC파트),비바리퍼블리카(토스),https://www.wanted.co.kr/wd/267669
259036,ML Engineer,티오리(Theori),https://www.wanted.co.kr/wd/259036
271940,MLOps Engineer,마크비전코리아,https://www.wanted.co.kr/wd/271940
262957,ML Engineer (Trust & Safety),라이너(Liner),https://www.wanted.co.kr/wd/262957
262874,[FROMLABS 프롬랩스] 헤어케어 브랜드 / 마케팅 리드,더파운더즈,https://www.wanted.co.kr/wd/262874
271252,[SDx] Backend Developer - MLOps 솔루션 개발/운영,현대오토에버,https://www.wanted.co.kr/wd/271252
270504,퍼블리셔 CSS HTML - PHP 기반,머스트핀테크,https://www.wanted.co.kr/wd/270504
270506,"퍼블리셔 CSS HTML - React, javascript",머스트핀테크,https://www.wanted.co.kr/wd/270506
263752,Jr. ML Engineer(일반/전문연구요원),데이블(Dable),https://www.wanted.co.kr/wd/263752
256369,ML Engineer,메이아이,https://www.wanted.co.kr/wd/256369
264065,Senior ML Research Scientist,라이너(Liner),https://www.wanted.co.kr/wd/264065
246628,Junior ML Engineer,바이온사이트,https://www.wanted.co.kr/wd/246628
262918,AML 기획 팀장,코인원(coinone),https://www.wanted.co.kr/wd/262918
265233,MLOps 엔지니어,비멕스,https://www.wanted.co.kr/wd/265233
250091,[キャディ株式会社] MLOps Engineer_근무지 일본,원티드_일본 현지 채용,https://www.wanted.co.kr/wd/250091
246633,Senior ML Engineer,바이온사이트,https://www.wanted.co.kr/wd/246633
199680,MLOps Team Leader,여기어때컴퍼니,https://www.wanted.co.kr/wd/199680
249841,ML Engineer (전문연 지원 가능),마인즈앤컴퍼니,https://www.wanted.co.kr/wd/249841
273122,[로봇사업본부] VISION & ML Robotics Engineer,케이알엠,https://www.wanted.co.kr/wd/273122
272937,AML 업무 담당자,빗썸,https://www.wanted.co.kr/wd/272937
239421,"ML Engineer (Embedded, Senior)",웨어러블에이아이,https://www.wanted.co.kr/wd/239421
180338,ML 머신러닝 신입~초급,아이트럭,https://www.wanted.co.kr/wd/180338
180333,ML 머신러닝 중급 개발자,아이트럭,https://www.wanted.co.kr/wd/180333
222670,ML Research Scientist,트웰브랩스(Twelve Labs),https://www.wanted.co.kr/wd/222670
213313,MLOps Engineer (DevOps Engineer),플루언트,https://www.wanted.co.kr/wd/213313
155133,MLOps SW 개발자,호두에이아이랩,https://www.wanted.co.kr/wd/155133
266941,인공지능 MLOps 플랫폼 백엔드 개발자 (자바/3년 이상),텐,https://www.wanted.co.kr/wd/266941
268803,ML Engineer,피알앤디컴퍼니(헤이딜러),https://www.wanted.co.kr/wd/268803
270684,ML 모델 개발자,한글과컴퓨터,https://www.wanted.co.kr/wd/270684
267224,MLOps 엔지니어 (주니어),라이언로켓,https://www.wanted.co.kr/wd/267224
272297,"[Lead] 웹개발 (JavaScript, HTML5, CSS)",하와이컴퍼니,https://www.wanted.co.kr/wd/272297
271183,ML 엔지니어,왓챠,https://www.wanted.co.kr/wd/271183
268859,ML Research Engineer,휴이노,https://www.wanted.co.kr/wd/268859
268942,Product Owner (2년 이상),오틈랩스(OTTMLabs),https://www.wanted.co.kr/wd/268942
268802,ML Engineer (전문연구요원/산업기능요원 가능),피알앤디컴퍼니(헤이딜러),https://www.wanted.co.kr/wd/268802
253684,MLOps Engineer,여기어때컴퍼니,https://www.wanted.co.kr/wd/253684
253314,ML Engineer,쏘카(SOCAR),https://www.wanted.co.kr/wd/253314
203912,ML Engineer,토스뱅크,https://www.wanted.co.kr/wd/203912
273267,데이터 엔지니어,코웨이,https://www.wanted.co.kr/wd/273267
253325,Deep Learning Engineer(딥러닝 개발자),뷰런테크놀로지,https://www.wanted.co.kr/wd/253325
271194,데브옵스 엔지니어,한국딥러닝,https://www.wanted.co.kr/wd/271194
266399,딥러닝 추론 최적화 개발자,뷰런테크놀로지,https://www.wanted.co.kr/wd/266399
258371,"B2G, B2B 사업 TPM(Technical Program Manager)",한국딥러닝,https://www.wanted.co.kr/wd/258371
216867,딥러닝 개발,파수,https://www.wanted.co.kr/wd/216867
189274,딥러닝 엔지니어,다비오(Dabeeo),https://www.wanted.co.kr/wd/189274
251783,딥러닝 연구원 / 엔지니어 (전문연구요원 가능),딥브레인에이아이,https://www.wanted.co.kr/wd/251783
170201,딥러닝 엔지니어,룩코,https://www.wanted.co.kr/wd/170201
232908,비전 알고리즘 개발자,와따에이아이,https://www.wanted.co.kr/wd/232908
243908,머신러닝 솔루션 아키텍트,모레,https://www.wanted.co.kr/wd/243908
94542,머신러닝 엔지니어 (2년이상),코딧(CODITCorp.),https://www.wanted.co.kr/wd/94542
263651,Senior Machine Learning Engineer,심플랫폼,https://www.wanted.co.kr/wd/263651
267795,"Software Engineer, Machine Learning",포도노스,https://www.wanted.co.kr/wd/267795
82388,머신러닝 엔지니어 - 컴퓨터 비전,스튜디오랩(STUDIO LAB),https://www.wanted.co.kr/wd/82388
256471,머신러닝 엔지니어 (시니어),강남언니(힐링페이퍼),https://www.wanted.co.kr/wd/256471
147279,머신러닝 엔지니어 - 자연어 처리 (NLP),스튜디오랩(STUDIO LAB),https://www.wanted.co.kr/wd/147279
273207,3D 머신러닝 엔지니어,픽셀스코프,https://www.wanted.co.kr/wd/273207
253794,머신러닝 엔지니어,클래스유,https://www.wanted.co.kr/wd/253794
268689,머신러닝 엔지니어 (주니어),강남언니(힐링페이퍼),https://www.wanted.co.kr/wd/268689
245705,머신러닝 엔지니어,메디웨일,https://www.wanted.co.kr/wd/245705
265769,프롬프트 엔지니어,버블탭,https://www.wanted.co.kr/wd/265769
236695,머신러닝 R&D 엔지니어,호두에이아이랩,https://www.wanted.co.kr/wd/236695
272324,산업 인공지능 솔루션 서비스기획 팀장,원프레딕트(onepredict),https://www.wanted.co.kr/wd/272324
260766,마케팅 담당,이쿠얼키(인공지능수학 깨봉),https://www.wanted.co.kr/wd/260766
268978,인공지능 음성 합성(TTS) 전문가,미니레코드,https://www.wanted.co.kr/wd/268978
261663,신약개발 단백질-화합물 결합 예측  인공지능 연구원,보로노이,https://www.wanted.co.kr/wd/261663
258119,신약개발 특허분석 인공지능 연구원,보로노이,https://www.wanted.co.kr/wd/258119
272394,박사급 인공지능 개발자,온디에이아이,https://www.wanted.co.kr/wd/272394
225753,"[생성형 인공지능] Frontend Engineer (Senior, 전문연有)",휴멜로,https://www.wanted.co.kr/wd/225753
262340,인공지능 개발자,니어브레인,https://www.wanted.co.kr/wd/262340
151965,[인공지능 솔루션] Business Development,마인즈앤컴퍼니,https://www.wanted.co.kr/wd/151965
250008,[인공지능솔루션] Project Manager,마인즈앤컴퍼니,https://www.wanted.co.kr/wd/250008
257704,인공지능 엔진 개발,코너,https://www.wanted.co.kr/wd/257704
240999,인공지능 서비스 개발,자이언트스텝,https://www.wanted.co.kr/wd/240999
100405,[전문연구요원 가능] 인공지능 연구원,메디인테크,https://www.wanted.co.kr/wd/100405
147486,[전문연구요원 가능] 인공지능 연구원 (신입),메디인테크,https://www.wanted.co.kr/wd/147486
89325,인공지능 사업기획 및 개발,카이어,https://www.wanted.co.kr/wd/89325
221103,인공지능 전문가,에이치엠이스퀘어,https://www.wanted.co.kr/wd/221103
